Comuna,Lugar de vacunación,address,lon ,lat
Arica,Epicentro 1,Pablo Picasso 2150,-70.2987762,-18.4937092
Arica,Epicentro 2,Ginebra 3708,-70.2963611,-18.4444268
Arica,Fortin Sotomayor,Rafael Sotomayor 600,-70.3172153,-18.4813697
Arica,Oficina Comunal del Adulto Mayor,Capitán Avalos 2449,-70.2840099,-18.4813828
Arica,Delegacion Norte de Dideco,Curali 848,-70.2905548,-18.4396381
Arica,Delegacion Municipal San Miguel,Los araucanos S/N.,-70.2933986,-18.4301993
Putre,Cesfam Rural,Baquedano 261,-69.5571118,-18.1974162
Camarones,Posta Rural,Pueblo codpa S/N,-69.7441969,-18.8335411
General Lagos,Posta Rural,Pueblo visviri S/N,-69.4807541,-17.5936592
Arica,Clinica San Jose,Dr. Juan Noe 1370,-70.3067074,-18.4832586
Arica,CEMICH,18 de Septiembre 1315,-70.3082272,-18.4839963
Camiña,Consultorio General Rural De Camiña,Calle Caserío de Camiña S/N,NA,NA
Colchane,Consultorio General Rural de Colchane,Calle Sector de Colchane S/N,-68.639615,-19.276402
Huara,Cesfam Dr. Amador Neghme,calle Francisco Saavedra N°44,-69.7690272,-19.9956596
Pica,Cesfam Juan Marquez Vizmarra,Avda. Juan Márquez con Esquina Santa Cruz,NA,NA
Iquique,Cesfam Videla,Arturo Fernández N°44,-70.1436735,-20.2096519
Iquique,Cesfam Sur,Playa El Aguila S/N,-70.1314193,-20.251327
Iquique,Cesfam Guzmán,Salvador Allende N°2736,-70.1283193,-20.2565842
Iquique,Cesfam Aguirre,Pasaje 3 Pintados S/N,-70.1346933,-20.226299
Iquique,Cecof Esmeralda,Calle Ferrocarril N°1460,-70.1356692,-20.2307033
Alto Hospicio,Cesfam Dr. Pedro Pulgar Melgarejo,Avda. Los Alamos N°3101,-70.1005814,-20.2649839
Alto Hospicio,Cecof El Boro,Salitrera Domeyko s/n,-70.0965504,-20.2473837
Alto Hospicio,Cecof La Tortuga,calle Santa Rosa N°3355,-70.1082395,-20.2754351
Alto Hospicio,Consultorio Urbano Dr. Hector Reyno,"Avda. Las Américas N°3080, sector La Pampa",-70.1018183,-20.2843674
Alto Hospicio,Cesfam Dr. Yandry Añazco,calle Los Lagos N°4320,-70.0827909,-20.2805162
Pozo Almonte,Cesfam Pozo Almonte,Calle Estación N°748,-69.7799126,-20.2613719
Iquique,Vacunatorio Sonrisa Infantil,Céspedes y González 1195,-70.1437466,-20.2246601
Iquique,Clinica Tarapacá,Barros Arana N°1550,-70.1474744,-20.2229403
Iquique,Clinica Red Salud Iquique,calle Bernardo O'Higgins N°103,-70.1549779,-20.2172801
Antofagasta,Escuela Japón,Juan Sebastián #1315,NA,NA
Antofagasta,Hospital de Campaña (Centro de Salud Familiar Norte),Bandera #7891,NA,NA
Antofagasta,Estadio Escolar (Avda. Angamos) CECOSF Coviefi,Avenida Angamos #602 / Santa Rita #032165,NA,NA
Antofagasta,Estacionamiento Centro de Salud Familiar Juan Pablo II de Antofagasta,Huamachuco con Julio Montt Salamanca,-70.3810406,-23.5816576
Antofagasta,Centro de Salud Familiar Valdivieso,Cerro Pedregal #8755,NA,NA
Antofagasta,Centro de Salud Familiar Central Oriente,Avenida Padre Alberto Hurtado,-70.3855302,-23.64955
Antofagasta,Liceo Industrial,Pasaje Placilla #485,NA,NA
Antofagasta,Centro de Salud Familiar Dra. Maria Cristina Rojas Neumann (Frontis),Hilda Cruz Colina #10130,NA,NA
Antofagasta,Ferrocarril de Antofagasta a Bolivia (FCAB),Bolívar #255,NA,NA
Calama,Centro Comunitario de Salud Familiar Sur,"Bernardo O'Higgins 538, Calama",-68.9293819,-22.4543923
Calama,Liceo B-8 (2° semana),Anibal Pinto #2278,NA,NA
Calama,Liceo Jorge Alessandri (2° semana),Avenida Granaderos #3464,NA,NA
Calama,Escuela Pedro Vergara Keller (2° semana),Guatemala #3686,NA,NA
Taltal,"Hospital 21 de Mayo, Salón Comunitario",serrano #850,NA,NA
Tocopilla,Hospital Dr. Marcos Macuada,Santa Rosa S/N,-70.1929308,-22.0890726
Mejillones,Escuela Julia Herrera Varas,Bernardo O'higgins #555,NA,NA
Sierra Gorda,Posta de Salud Rural Baquedano,Aconcagua S/N,-99.456155,21.3040018
Sierra Gorda,Posta de Salud Rural Sierra Gorda,Salvador Allende #211,NA,NA
María Elena,Centro de Salud Familiar María Elena,Diego de Almagro S/N,-69.6636915,-22.3413695
San Pedro de Atacama,Escuela E-26,Ignacio Carrera Pinto #499,NA,NA
Copiapó,Escuela Pedro León Gallo,Miguel Gallo #815,NA,NA
Copiapó,Esc Jesús Fernández Hidalgo,"Cerro Blanco 323, Pob. Rosario",-70.337874,-27.375051
Copiapó,Esc Bruno Zavala,Oriente 3-B #73 Santa Elvira,NA,NA
Copiapó,Esc Abraham Sepúlveda,Juan Martínez #361,NA,NA
Copiapó,Esc El Palomar,Calle El Río Esq. Vicuña El Palomar,-70.3320349,-27.3833452
Copiapó,Esc Los Estandartes,Almirante Latorre Esq. Caupolicán,-70.3135595,-27.3697933
Copiapó,Esc Hernán Márquez Huerta,Nueva Prat s/n Estación Paipote,-70.2786827,-27.4113777
Vallenar,Sede Abuelitas Esperanza,Avda Lautaro 1230 Pob Hmnos Carrera,-70.7622652,-28.5696335
Vallenar,Centro Comunitario,Ramírez esq Erasmo Escala S/N,-70.7648501,-28.5732193
Vallenar,Junta De Vecinos Población Quinta Valle,Sector Quinta Valle,-70.7486987,-28.5836153
Vallenar,Ccr (Antiguo Cesfam Joan Crawford),Av España s/n,-70.7463131,-28.5917986
Vallenar,Cesfam Joan Crawford,Av Los Escritores,-70.7599823,-28.5890091
Vallenar,Junta De Vecinos Ventanas,Av. Paraguay esquina Ecuador,-70.7571009,-28.5757953
Diego de Almagro,Esc Aliro Lamas,Avda Diego de Almagro 400,-70.045588,-26.3883455
Caldera,Estadio Fco Bustos,Calle Carvallo,-70.8241599,-27.0691417
Caldera,Esc Edac,Calle La Piña,-70.8117303,-27.0764881
Caldera,Cediman,Calle Lebu,-70.8118546,-27.0720706
Tierra Amarilla,Cesfam Tierra Amarilla,"Lorenzo Jofré S/N,",-70.2664473,-27.4690528
Tierra Amarilla,Cesfam Tierra Amarilla,"Lorenzo Jofré S/N,",-70.2664473,-27.4690528
Tierra Amarilla,Cesfam Tierra Amarilla,"Lorenzo Jofré S/N,",-70.2664473,-27.4690528
Tierra Amarilla,Posta Salud Rural Los Loros,Ferrocarril SN,-70.2643451,-27.491516
Huasco,Cesfam Huasco,Las Heras SN,-71.2191508,-28.4693929
Huasco,Posta Rural Huasco Bajo,Las Heras SN,-71.2191508,-28.4693929
Alto del Carmen,Cesfam A. Del Carmen,Manuel Rodríguez esq Serrano,-70.4869354,-28.7581737
Chañaral,Escuela José Luis Olivares,Carrera 1586,-70.616505,-26.3425083
La Serena,Cesfam Cardenal Raul Silva Henriquez,La Paz S/N,-68.1222842,-16.5110646
La Serena,Cesfam Pedro Aguirre Cerda,Emilio Bello 918,-71.2189042,-29.9162688
La Serena,Cesfam Emilio Schaffhauser,Francisco de Aguirre S/N,-71.2602211,-29.9058613
La Serena,Cesfam Cardenal Caro,4 esquinas s/n,-71.2560955,-29.9345465
La Serena,Cesfam Las Compañias,Esmeralda s/n,-71.2469902,-29.8776453
La Serena,Cesfam Juan Pablo Ii,Isidora Campaña 3397,-71.2299378,-29.8680865
La Serena,Polideportivo Las Compañias,Av Viña del Mar s/n,-71.2363763,-29.8724565
La Serena,Coliseo Municipal,Juan Antonio Rios 461,-71.2531757,-29.9127898
La Serena,Colegio Luis Braille,4 esquinas 89,-71.2594598,-29.9329435
La Serena,Vacunatorio Emi,Cisternas 1750,-71.245136,-29.919284
La Serena,Vacunatorio Ead,Francisco Ariztia 2763,-71.2441541,-29.9342828
La Serena,Vacunatorio La Serena,Balmaceda 1015,-71.250164,-29.908893
Coquimbo,Cesfam Tierras Blancas,Linares 915,-71.2560314,-29.9621717
Coquimbo,Cesfam San Juan,JJ Oliver s/n,-71.3389183,-29.9590009
Coquimbo,Cesfam Sergio Aguilar,Alessandri 1035,-71.2632458,-29.9662682
Coquimbo,Cesfam Lila Cortes,Regimiento Arica 1405,-71.2475192,-29.9559589
Coquimbo,Cesfam El Sauce,Los Olivos 851,-71.3375736,-29.9961546
Coquimbo,Cesfam Tongoy,Fundicion Norte 127,-71.4914809,-30.2579824
Coquimbo,Cesfam Pan De Azucar,Esfuerzo campesino s/n,-71.246349,-30.0549248
Coquimbo,Cesfam Santa Cecilia,Las Heras 1100,-71.3449578,-29.9500248
Coquimbo,Techado Coquimbo,Santiago Trigo 520,-71.3367532,-29.965946
Coquimbo,Techado Tierras Blancas,Talca 1145,-71.2524987,-29.9620282
Andacollo,Hospital De Andacollo,Urmeneta 2,-71.0853859,-30.2276556
La Higuera,Cesfam La Higuera,La Paz S/N,-110.2912521,24.1319771
Vicuña,Hospital Vicuña,Ignacio Carrera Pinto s/n,-70.710638,-30.03826
Vicuña,Cesfam San Isidro De Calingasta,18 September 0101,NA,NA
Paiguano,Cesfam De Paiguano,Balmaceda s/n,-70.518926,-30.0222361
Ovalle,Estadio Diaguitas,La Chimba 522,-71.2057755,-30.6075907
Monte Patria,Cesfam Monte Patria,Poniu 80,-70.9586159,-30.6966462
Monte Patria,Cesfam El Palqui,Pedro Leon Gallo s/n,-70.9610949,-30.6916433
Monte Patria,Cesfam Chañaral Alto,Bernardo Ohiggins s/n,-70.9641633,-30.6959949
Monte Patria,Cesfam Caren,Mac Iver s/n,-70.9610949,-30.6916433
PUNITAQUI,CESFAM Punitaqui,Carlos Galleguillos s/n,-71.2554941,-30.833093
Punitaqui,Estadio Municipal,Carlos Galleguillos s/n,-71.2554941,-30.833093
Rio Hurtado,Cesfam Rio Hurtado,Calle Unica s/n,-71.0474749,-30.4745926
Combarbalá,Hospital Combarbalá,Comercio 650,-71.0066429,-31.176253
Combarbalá,Plaza De Armas De Combarbalá,Plaza de Armas,-71.0021302,-31.1783185
Canela,Cesfam Canela,Joel Muñoz 495,-71.4554903,-31.3989114
Salamanca,Hospital Salamanca,Av Manuel Infante 891,-70.9711497,-31.7742769
Los Vilos,Hospital Los Vilos,Arauco 400,-71.5128822,-31.9153576
Illapel,Cesfam Urbano,El Mirador 211,-71.1779513,-31.63742
Illapel,Cesfam Villa San Rafel,Mario Ahumada 50,-71.1897316,-31.6380949
Illapel,Sede Social Villa San Rafel,Mario Ahumada 50,-71.1897316,-31.6380949
Algarrobo,Cesfam Algarrobo,Calle El Retamo 2249,-71.6682631,-33.3652831
Cabildo,Psr Artificio,Calle Prinicpal S/N Artificio,-71.0947244,-32.3943964
Cabildo,Psr Alicahue,Caserio S/N Alicahue,-70.7820895,-32.3511981
Cabildo,Psr La Viñas,Calle Principal S/N,-90.0639038,29.9575043
Cabildo,Psr Las Puertas,Calle Principal S/N,-90.0639038,29.9575043
Cabildo,Hogar De Ancianos Anita Garcia,Calle Principal S/N La Viña,-71.5500276,-33.0153481
Cabildo,Sede Covid,Calle Domeyko 616,-71.0645998,-32.4268239
Calle Larga,Cesfam Jose Joaquin Aguirre,Calle La Pampilla 164,-70.62362,-32.85974
Casablanca,Hospital San José De Casablanca,Calle Yungay 124,-71.4082293,-33.3188311
Catemu,Cesfam Dr. Eduardo Raggio,Calle Prat S/N,-70.6021418,-32.8448101
Catemu,Polideportivo Comunal,Ingnacio Carrera Pinto S/N,-70.9642928,-32.7774091
Con Con,Avanzada Cultural,Costado Cesfam/Chañarcillo1150,-71.5147283,-32.9286746
Con Con,Delegación Rural,Costado Escuela Puente Colmo,-71.4391579,-32.9336666
Con Con,Cruz Roja,Av Concon Reñaca Con Los Alerces,-71.539463,-32.9339821
El Quisco,Cesfam El Quisco,Calle Isidoro Dubornais 250,-71.69434,-33.39745
El Quisco,Colegio Clara Solovera,Calle Isidoro Dubornais 635,-71.6942241,-33.4019527
El Tabo,Cesfam El Tabo,Avenida San Marcos 729,-71.6134575,-33.5074739
El Tabo,Casa Del Adulto Mayor,San Nicolas S/N,-71.6612156,-33.4576116
Hijuelas,Cesfam Ocoa,El Nogal 201 Rabuco,-71.1463438,-32.7986559
Hijuelas,Liceo Luis Laborda,Manuel Rodríguez 1746,-71.1448833,-32.8021254
Hijuelas,Escuela De La Sombra,La Sombra Romeral S/N,-71.0628937,-32.8265178
La Calera,Cesfam Artificio,Camilo Henríquez #88 Artificio,NA,NA
La Calera,Cesfam La Calera,Calle 33 #1934 La Calera,NA,NA
La Calera,Cecosf El Trigal,Cochrane # 782 La Calera,NA,NA
La Calera,Posta Pachacamita,Camino Principal Pachacamita Nº 48,-71.1755325,-32.8057955
La Calera,Posta Pachacama,Calle Libertad Nº S/N,NA,NA
La Calera,Colegio Irma Sapiain (Desde El 8 De Feb) Junta De Vecinos Manuel Rodriguez,Aldunate 299 Calle Alessandri S/N,-71.1909455,-32.7872544
La Cruz,Colegio Lo Rojas,Lo Rojas,-71.2515631,-32.8175303
La Cruz,Colegio Domingo Santa Cruz Wilson,Pocochay S/N,-71.1901111,-32.8504912
La Cruz,Colegio María Alonso Chacón,Simpson 18,NA,NA
La Cruz,Colegio Bolonia,Calle Dos Población Bolonia,-71.230429,-32.8066826
La Cruz,Colegio Leonardo Da Vinci,Calama 47,-68.9293819,-22.4543923
La Ligua,Colegio Gabriela Mistral,Calle Serrano 51,-71.2322465,-32.4500378
La Ligua,Sede Bellavista,Calle Bellavista S/N Valle Hermoso,-71.1900092,-32.45
Limache,Hospital Santo Tomás,"Carelmapu S/N°, Limache",-71.2729302,-32.9975134
Limache,Escuela Brasilia,"Av. Jose Tomás Urmeneta 599, Limache",-71.2690826,-32.9881567
Limache,Escuela Teniente Merino,"Sgto Aldea 357, Limache",-71.2604411,-33.0081859
Llayllay,Cesfam,Calle San Francisco 76,-70.9547808,-32.8431345
Los Andes,Cesfam Centenario,Avenida Perú 487,-70.6033164,-32.8398525
Los Andes,Cesfam Cordillera Andina,Calle Papudo Norte 151,-70.5976522,-32.8280931
Los Andes,Liceo Max Salas Marchant,Chacabuco 437,-70.6007576,-32.8369536
Los Andes,Escuela España,Independencia 255,-70.5938412,-32.8338389
Nogales,Cesfam Nogales,"Aldunate S/N°, Nogales",-71.2042115,-32.7333
Nogales,Cesfam El Melón,Gustavo Filippi Murato 601,-71.2042115,-32.7333
Nogales,Cecosf Ex Asentamiento El Melón,"El Melón, Nogales",-71.2108023,-32.6884096
Nogales,Cecosf El Polígono,"Los Zorzales 10, Nogales",-71.2169895,-32.7363601
Olmué,Cesfam Manuel Lucero (Solo Vacunación Funcionarios),"Lo Rojas 2250, Olmué",-71.1810095,-32.9908515
Olmué,Escuela Atenas,"Arturo Prat 101, Olmué",-71.1814763,-32.9953003
Panquehue,Cesfam Maria Elena Peñaloza,Calle El Peral S/N,-70.8516845,-32.7827005
Papudo,Cesfam Papudo,El Peumo 1200,-71.4366282,-32.506235
Papudo,Psr Pullally,Avd. Las Salinas S/N Pullaly,-71.3046888,-32.4371584
Puchuncavi,Centro Educacional Sargento Aldea,Calle Bellavista 372 Ventanas,-71.4864424,-32.7414873
Puchuncavi,Sede Pescadores De Horcon,"Calle Principal S/N, Horcon ( Al Lado De Posta Horcon)",-71.488544,-32.71117
Puchuncavi,Casa De La Cultura Puchuncavi,Avenida Bernardo Ohiggins N°140,-71.4162176,-32.7259938
Putaendo,Cesfam Valle Los Libertadores,Avenida Alessandri 196,-70.71819,-32.62261
Quillota,Ces Silva Henríquez,Avda. Las Industrías S/N,-71.2617805,-32.8919816
Quillota,Cesfam San Pedro,Avda. René Schneider S/N,-71.2410252,-32.8902511
Quillota,Cesfam Boco,Avda. Balmaceda S/N,-71.2660427,-32.8720429
Quillota,Cesfam La Palma,Avda. San Francisco S/N°,-71.2073453,-32.8851897
Quillota,Cecof Cerro Mayaca,Aconcagua N° 13,-71.2529166,-32.8725191
Quillota,Cecof Santa Teresita,Avda. Vicuña Mackenna N° 525,-71.2385262,-32.8838332
Quillota,Cecof Ruta Norte,Teniente Riquelme N° 230,-71.2342935,-32.8591969
Quillota,Casa De Acogida,Condell N° 300,-71.2424991,-32.8808151
Quillota,Escuela Roberto Matta,La Concepción N° 261,-71.2457972,-32.8808676
Quillota,Escuela Abel Guerrero,Cintura San Pedro N° 223,-71.2779632,-32.9393548
Quillota,Escuela México,El Progeso N° 1329 Pobl. Said,-71.2497156,-32.8803027
Quilpué,Posta Colliguay,Colliguay S/N°,-71.1501172,-33.1688156
Quilpué,Liceo G. Gronemeyer,"David Cortés 1015, Quilpué",-71.4371531,-33.0496612
Quilpué,Liceo Comercial Alejandro Lubet,"Freire 945, Quilpué",-71.4394276,-33.0454454
Quilpué,Colegio Eleuterio Ramírez,"Ovalle 1810, Quilpué",-71.4244102,-33.0602733
Quilpué,Colegio Luis Cruz Martínez,"Santiago 588, Quilpué",-71.40543,-33.0379725
Quilpué,Colegio José Miguel Infante,"Granada 1557, Quilpué",-71.4407037,-33.0357698
Quilpué,Colegio Coggzai,"José Uribe 152, Quilpué",-71.410451,-33.044326
Quilpué,Colegio Gaspar Cabrales,"El Ocaso 365, Quilpué",-71.4150019,-33.0494806
Quilpué,Colegio Industrial Andrés Bello,"Diego De Almagro 222, Quilpué",-71.403575,-33.048463
Quilpué,Liceo Gastronomía Y Turismo,"Diaguitas 1751, Quilpué",-71.4215381,-33.0483365
Quilpué,Escuela Teniente Serrano,"Marga Marga 40, Quilpué",-71.4123752,-33.0698241
Quilpué,Liceo Politécnico Marga-Marga,"Los Pinos, Quilpué",-71.4369036,-33.0550515
Quilpué,Escuela La Retuca,"La Retuca, Quilpué",-71.3447754,-33.1374138
Quilpué,Colegio Theodor Heuss,"Ortiz Vega 1381, Quilpué",-71.4677914,-33.0519192
Quilpué,Liceo Técnico Profesional Mannheim,"Los Lunes 171, Quilpué",-71.484014,-33.037449
Quilpué,Colegio Aconcagua,"Camino Troncal Antiguo 1940, Quilpué",-71.4774194,-33.0414538
Quintero,Salon Francisco Coloane,Estrella De Chile 210 Ubicado En La Plaza El Deportista,NA,NA
Rinconada,Cesfam Rinconada,Calle Alborada S/N,-70.6890496,-32.8455311
San Esteban,Cesfam San Esteban,Calle Arturo Prat 312,-70.5798032,-32.8004995
San Felipe,Cesfam Seguismundo,Avenida Santa Teresa 370,-70.7244855,-32.7389709
San Felipe,Cesfam San Felipe El Real,Calle Sargento Cajales 1900,-70.725645,-32.7589541
San Felipe,Gimnasio Curimon,Ruta 60 S/N Sector 3 Esquinas,-70.7368475,-32.7576048
Santa María,Cesfam Santa María,Calle Irarrázabal 246,-70.658228,-32.7493263
Santa María,Posta De Salud Rural Santa Filomena (Santa María),Lo Galdamez S/N,-70.6397396,-32.709753
Santa María,Centro Comunitario De Salud Familiar Las Cadenas,Pueblo El Llano S/N,-2.8091095,39.4901337
Santo Domingo,Santo Domingo,Calle Las Hortensias 146,-71.6124549,-33.6439397
Valparaiso,Cesfam Padre Damian De Molokai,Calle Cabritería Norte 2055,-71.5641358,-33.0578171
Valparaiso,Cesfam Puertas Negras + Psr Laguna Verde,Calle Montedónico S/N,-87.0438893,41.4639394
Valparaiso,Cesfam Reina Isabel Ii,Avenida Washington 1926,-87.0611412,41.4730948
Valparaiso,Cefsam Baron,Calle Blanco Viel 661,-71.6007708,-33.0390744
Valparaiso,Cesfam Cordillera,Calle Castillo 656,-71.6126885,-33.047238
Valparaiso,Cesfam Sapu Placeres,Calle Colo Colo S/N,-71.5952083,-33.0594105
Valparaiso,Cesfam Placilla,Avenida Central S/N,-87.049782,41.488798
Valparaiso,Cesfam Las Cañas,Calle Los Alerces S/N,-71.6068665,-33.0591939
Valparaiso,Cesfam Esperanza,Calle Galvarino 7,-71.643228,-33.025031
Valparaiso,Cesfam Quebrada Verde,Calle Quebrada Verde 1405,-71.6399365,-33.0326178
Valparaiso,Plaza Justicia,Calle Plaza Justicia 99,-71.6299462,-33.0396217
Valparaiso,Jean Y Marie Thierry,Calle Blas Cuevas 985,-71.609883,-33.052558
Valparaiso,Cesfam Marcelo Mena,Avenida Alemania 5360,-71.631226,-33.0490986
Valparaiso,Cesfam Rodelillo,Pasaje La Merced 4350,-71.5771579,-33.0588012
Valparaiso,Escuela Cirujano Videla,"Avenida Matta 3965, Placeres Alto",-71.594694,-33.0366314
Valparaiso,Escuela Paraguay,"Avenida Matta 1147, Placeres",-71.5883944,-33.0444131
Valparaiso,Parroquia San Pablo De Placilla,"Avenida Central Con Calle Segunda,",-71.5740159,-33.111799
Valparaiso,Escuela David Bengurion,"Calle Demostenes 237, Cerro Las Cañas",-71.6080851,-33.0574875
Villa Alemana,Cesfam Villa Alemana,"Quinta 032, Villa Alemana",-71.3639028,-33.0436552
Villa Alemana,Cesfam Eduardo Frei,"Sta. Margarita S/N, Villa Alemana",-71.3769131,-33.0571091
Villa Alemana,Cesfam Jbbv,"Las Araucarias 750, Villa Alemana",-71.3909264,-33.0553209
Villa Alemana,Posta Las Américas,"Pedro Víctor Contreras, Villa Alemana",-71.3930343,-33.0378567
Villa Alemana,Colegio Manuel Montt,Manuel Montt 400,-71.35342,-33.0462963
Villa Alemana,Colegio Nuevo Amanecer,Alonso De Ercilla 150,-71.3626122,-33.0405418
Villa Alemana,Escuela Barros Arana,Rafael Fabres 2597,-71.3970178,-33.039158
Villa Alemana,Colegio Italo Composto Scarpati,Av. La Palma 598,-71.3708124,-33.0597174
Villa Alemana,Liceo Politécnico A38,Av. Valparaíso 133,-71.3659922,-33.0440772
Villa Alemana,Colegio Mary Graham,Porvenir 1135,-71.3793703,-33.0477434
Villa Alemana,Colegio Juan Bautista Alberdi,Los Algarrobos S/N°,-71.3925687,-33.0586914
Villa Alemana,Colegio Charles Darwin,Venecia Sur 336,-71.3876082,-33.0482174
Villa Alemana,Colegio Diego Portales,Av. Bernardo Leighton 070,-71.3629509,-33.0669739
Viña Del Mar,Cesfam Nueva Aurora,Variante Agua Santa P/ 5,-71.5580139,-33.0519371
Viña Del Mar,Cesfam Las Torres,"Avenida La Paz Esquina Pakarati, Forestal Alto",-71.5391431,-33.0465601
Viña Del Mar,Cesfam Brigida Zavala,"Avenida Blanca Vergara N°1792, Forestal Alto",-71.5412344,-33.0380641
Viña Del Mar,Cesfam Marco Maldonado,"Alvarez N°1682, Viña Del Mar",-71.5401449,-33.029556
Viña Del Mar,Cesfam Juan Carlos Baeza,"Avenida Tamarugal N°350, El Olivar",-71.4919984,-33.0253496
Viña Del Mar,Cesfam Lusitania,"Bellavista N°1228, Miraflores Alto",-71.4908767,-33.0166956
Viña Del Mar,Cesfam Miraflores,Avda. Eduardo Frei Esq.El Membrillo S/N,-71.5155128,-33.0202872
Viña Del Mar,Cesfam Dr. Jorge Kaplan,"Avenida Quinta 875 Paradero 8 ½, Reñaca Alto",-71.4791932,-32.9948057
Viña Del Mar,Cesfam Gomez Carreño,"19 Poniente N°5650, 4° Sector, Gómez Carreño",-71.525672,-32.9920862
Viña Del Mar,Cesfam Cienfuegos,"Calle 7 Entre 21 Y 22 Norte, Sta Inés",-71.5349569,-33.0057385
Viña Del Mar,Cecosf Las Palmas,"Calle Río Tolten 185-189, Forestal Alto",-71.5376379,-33.0587971
Viña Del Mar,Cecosf Villa Hermosa,"Avda. Alemania 850, Villa Hermosa",-71.4832004,-33.0320599
Viña Del Mar,Cecosf Achupallas,Calle Anita Lizana Con Pangal Paradero,-71.5027717,-33.0142642
Viña Del Mar,Cecosf Sta. Julia,"Avda. Campos De Flores 46, Santa Julia",-71.503493,-32.999914
Zapallar,Cesfam Zapallar,Moises Chacón 68,-71.4558414,-32.5554964
Zapallar,Cesfam Catapilco,San Alfonso 316,-71.3634758,-32.5942939
COLINA,Clínica Dental Escolar,"La Inmaculada Concepción Nº 418, Colina",-70.6716439,-33.2046664
QUILICURA,Escuela Ana Frank,Santa Luisa Nº 268,-70.7375694,-33.3563363
QUILICURA,Polideportivo Municipal,Costanera Férrea Nº 0495,-70.713274,-33.3555669
QUILICURA,Escuela El Mañío (337),21 de Mayo Nº 7010,-70.7292718,-33.3576747
HUECHURABA,Ginmasio Municipal de Huechuraba,Av. Guillermo Subiabre Nº 705,-70.6379447,-33.3741203
RECOLETA,Escuela Escritores de Chile,Arcoiris Nº 4045,-70.6449386,-33.3854732
RECOLETA,Cesfam Patricio Hevia,Los Cipreses Nº 1892,-70.6312295,-33.410279
RECOLETA,Escuela República del Paraguay,Av Recoleta Nº 480,-70.6470401,-33.4268797
RECOLETA,Dibam,Av. Recoleta Nº 683,-70.6454287,-33.4245568
RECOLETA,Escuela Victor Cuccuini,Las Violetas Nº 37,-70.6349937,-33.4024576
INDEPENDENCIA,Polideportivo Municipal,Enrique Soro 1103,-70.6710625,-33.4173162
INDEPENDENCIA,Hospital San José,Carpa al lado de Servicio de Urgencia,-70.656033,-33.420435
CONCHALÍ,Liceo Abdón Cifuentes,Dorsal Nº 1387,-70.6631781,-33.396194
CONCHALÍ,Escuela Camilo Henriquez,Parral Nº 2154,-70.6784894,-33.3888175
CONCHALÍ,Balneario Municipal,Diego Silva Nº 1309,-70.6634801,-33.3837
LA GRANJA,Coelgio Tecno Sur,Av. San Gregorio 140,-70.6311181,-33.5373545
LA GRANJA,Liceo Malaquías Concha,Quilpue 7852,-70.6217454,-33.5281447
LA GRANJA,Colegio Poeta Neruda,Cantos General 331,-70.6288032,-33.5510256
LA GRANJA,Parroquia San Pedro San Pablo,Padre Esteban Gumucio 498,-70.6277057,-33.520245
PUENTE ALTO,Parque Gabriela,Av. concha y toro 3214 (entrada por seminaristas),-70.5826608,-33.5801899
LA FLORIDA,Estadio Bicentenario,Enrique Olivares 1003,-70.5779927,-33.5403982
SAN RAMON,Centro Cultural San Ramón,Santa Rosa N°9441,-70.6333207,-33.5487166
SAN RAMON,CESFAM Poetisa Gabriela Mistral,Aurora de Chile 9872,-70.6412405,-33.5522702
SAN RAMON,CESFAM La Bandera,"Av. Vicuña Mackenna #1758,",NA,NA
LA PINTANA,"Estadio Municipal La Pintana, avenida ciudad de México 1503, 09:00 a 17:00 L V",Avenida ciudad de México 1503,-70.6360626,-33.585096
LA PINTANA,"Club de Campo La Pintana, Santa Rosa 10812, 09:00 a 17:00 L V",Santa Rosa 10812,-70.6297424,-33.5608885
LA PINTANA,Colegio Marcelino Champagnat,Sexto de Línea 13540,-70.6162936,-33.589321
LO PRADO,Cesfam Santa Anita,Calmino de Loyola 5302,-70.7092711,-33.4381413
LO PRADO,Cesfam Carlos Avendaño,Tte Cruz 1087,-70.7405894,-33.4367296
LO PRADO,Cesfam Pablo Neruda,Dorsal 6147,-70.7233493,-33.4442688
LO PRADO,Cesfam Raúl Yazigi,Caleta Iquique 214,-70.7159177,-33.4518556
RENCA,Cesfam Renca,Av J.M. Balmaceda 4420,-70.7102463,-33.4031242
CERRO NAVIA,Cesfam Cerro Navia,Sado 7965,-70.7510167,-33.4196975
CERRO NAVIA,Cesfam Lo Amor,Neptuno 2198,-70.7172767,-33.4182384
CERRO NAVIA,Cesfam Adalberto Steeger,Huelen 1629,-70.7410888,-33.4186085
CERRO NAVIA,Cesfam Artuto Albertz,Av. Las Torres 1204,-70.7309545,-33.4335696
PUDAHUEL,Cesfam Violeta Parra,Av. Travesia 7447,-70.7583645,-33.4538068
PUDAHUEL,Cesfam Pudahuel Estrella,Av. San Francisco 8698,-70.750822,-33.4364422
QUINTA NORMAL,Cesfam Lo Franco,Av Carrascal 4459,-70.6947761,-33.4225318
QUINTA NORMAL,Cesfam Andes,Andes 4242,-70.6928191,-33.4341266
QUINTA NORMAL,Cesfam Garin,Janequeo 5662,-70.7139902,-33.4304188
MELIPILLA,Liceo Gabriela Mistral,Serrano 183,-71.2131956,-33.6826819
MELIPILLA,Colegio Ignacio Serrano,Serrano 121,-71.2129406,-33.68208
BUIN,Centro Cultural de Buin (CECOSF Nuevo Buin),Carlos Condell 501,-70.7425848,-33.7312305
PAINE,Estadio Municipal de Paine,Panamericana Sur 625,-73.7634863,-42.4790221
PAINE,Polideportivo Alberto Larraguibel,Av Colon Sur 0673,-70.7057028,-33.5895589
PAINE,Escuela Republica Estados Unidos (CESFAM Carol Urzua),Mendoza 785,NA,NA
PAC,Escuela Villa Sur,Los Molles 2973,-70.6824624,-33.502075
LA CISTERNA,Gimnsasio Municipal Manuel Rodriguez,Almirante Neff Norte 352,-70.6581826,-33.5279874
LO ESPEJO,Colegio Hernan Olguin Maibee,Viña del Mar 7041,-70.6769068,-33.5156729
SAN JOAQUIN,Colegio Fray Camilo Henriquez,Huara 5369,-70.6240393,-33.5060714
SAN MIGUEL,Liceo Betzabe Hormazabal,Gaspar Banda 4047,-70.6561203,-33.4903435
EL BOSQUE,Centro Gerontologico,Baquedano 11015,-70.6662137,-33.5542992
LO BARNECHEA,Parque Las Rosas,El Tranque 10.300,-70.5412286,-33.3609333
LO BARNECHEA,Centro Cultural El Tranque,Av. Raúl Labbé 14711,-70.4970906,-33.3619823
LAS CONDES,Estadio Paul Harris,Av. Paul Harris 701,-70.5361383,-33.4110117
VITACURA,Vitavecino Nicolás Gogol,Nicolás Gogol 1637,-70.562655,-33.3863883
PROVIDENCIA,CESFAM Dr. Alessandri,Los Jesuitas 857,-70.6203317,-33.4443973
ÑUÑOA,Polideportivo Juan Moya,Juan Moya 1370,-70.5880317,-33.4669251
LA REINA,Centro Odontológico,Cordillera 25,-70.5346044,-33.4525037
PEÑALOLEN,Centro Cultural CHIMKOWE,Av. Grecia 8787,-70.5410769,-33.4773144
MACUL,Parroquia Salesianos,Avenida Macul 5950,-70.5915154,-33.5055878
MAIPÚ,CESFAM Luis Ferrada,Tierra Fértil 5161,-70.7561073,-33.4731925
MAIPÚ,CESFAM Maipú,Av. Los Pajaritos 2470,-70.7575332,-33.5048307
MAIPÚ,CESFAM Carlos Godoy,El Conquistador 1565,-70.7965937,-33.5274412
ESTACIÓN CENTRAL,CESFAM Padre Vicente Irarrázaval,Veintiuno de Mayo 1854,-70.6917906,-33.4729459
ESTACIÓN CENTRAL,CESFAM Chuchunco,Coyhaique 6025,-70.705884,-33.4734745
ESTACIÓN CENTRAL,CESFAM Las Mercedes,Embajador Quintana 5090,-70.7039298,-33.4520329
SANTIAGO,CESFAM Padre Orellana,Padre Orellana 1708,-70.6296331,-33.4664265
SANTIAGO,CESFAM N° 5,ULA 98,-70.6731911,-33.4541162
CERRILLOS,CESFAM Norman Voullieme,Salomón Sack 1323,-70.7199498,-33.4932734
CERRILLOS,CESFAM Sofía Pincheira,Av. Las Torres 7590,-70.7332484,-33.5012015
COMUNA,PUNTO DE VACUNACIÓN PFIZER,DIRECCIÓN,-58.4002165,-34.6177736
COLINA,Clínica Dental Escolar,La Inmaculada Concepción 418,-70.6716439,-33.2046664
RECOLETA,Escuela Escritores de Chile,Arcoiris Nº 4045,-70.6449386,-33.3854732
RECOLETA,DIBAM,Av. Recoleta Nº 683,-70.6454287,-33.4245568
RECOLETA,CESFAM Patricio Hevia,Los Cipreses Nº 1892,-70.6312295,-33.410279
RECOLETA,Escuela República de Paraguay,Av Recoleta Nº 480,-70.6470401,-33.4268797
RECOLETA,Escuela Victor Cuccuini,Las Violetas Nº 37,-70.6349937,-33.4024576
INDEPENDENCIA,Carpa Hospital San Jose,Profesor Zañartu 1011-1057,-70.6531657,-33.4175467
INDEPENDENCIA,Polideportivo Municipal,Enrique Soro 1103,-70.6710625,-33.4173162
CONCHALÍ,Liceo Abdón Cifuentes,Dorsal Nº 1387,-70.6631781,-33.396194
CONCHALÍ,Escuela Camilo Henriquez,Parral Nº 2154,-70.6784894,-33.3888175
CONCHALÍ,Balneario Municipal,Diego Silva Nº 1309,-70.6634801,-33.3837
HUECHURABA,Gimnsasio Municipal,Guillermo Subiabre 690,-70.6381069,-33.3743488
LA GRANJA,Colegio Tecno Sur,Av. San Gregorio 140,-70.6311181,-33.5373545
LA GRANJA,Liceo Malaquías Concha,Quilpue 7852,-70.6217454,-33.5281447
LA GRANJA,Colegio Poeta Neruda,Cantos General 331,-70.6288032,-33.5510256
LA GRANJA,Estadio Sargento Aldea,Calle F 330,-70.6261949,-33.518854
LA GRANJA,Parroquia San Pedro San Pablo,Padre Esteban Gumucio 498,-70.6277057,-33.520245
PUENTE ALTO,Parque Gabriela,Av. concha y toro 3214,-70.5819396,-33.5801211
LA FLORIDA,Estadio Bicentenario,Enrique Olivares 1003,-70.5779927,-33.5403982
SAN RAMON,Centro Cultural San Ramón,Santa Rosa N°9441,-70.6333207,-33.5487166
SAN RAMON,CESFAM Poetisa Gabriela Mistral,Aurora de Chile 9872,-70.6412405,-33.5522702
SAN RAMON,CESFAM La Bandera,Av. Vicuña Mackenna 1758,-70.6449169,-33.5457651
LA PINTANA,"Estadio Municipal La Pintana, avenida ciudad de México 1503, 09:00 a 17:00 L V",Avenida ciudad de México 1503,-70.6360626,-33.585096
LA PINTANA,"Club de Campo La Pintana, Santa Rosa 10812, 09:00 a 17:00 L V",Santa Rosa 10812,-70.6297424,-33.5608885
LO PRADO,Cesfam Santa Anita,Calmino de Loyola 5302,-70.7092711,-33.4381413
LO PRADO,Cesfam Carlos Avendaño,Tte Cruz 1087,-70.7405894,-33.4367296
LO PRADO,Cesfam Pablo Neruda,Dorsal 6147,-70.7233493,-33.4442688
LO PRADO,Cesfam Raúl Yazigi/Escuela EE.UU,Caleta Iquique 214,-70.7159177,-33.4518556
RENCA,Instituto Cumbres de Condores Poniente,Av Brasil 7968,-70.7511846,-33.3978073
RENCA,Instituto Cumbres de Condores Oriente,Av Dorsal 1365,-70.7036902,-33.4051425
CERRO NAVIA,Cesfam Cerro Navia,Sado 7965,-70.7510167,-33.4196975
CERRO NAVIA,Cesfam Lo Amor,Neptuno 2198,-70.7172767,-33.4182384
CERRO NAVIA,Cesfam Adalberto Steeger,Huelen 1629,-70.7410888,-33.4186085
CERRO NAVIA,Cesfam Artuto Albertz,Av. Las Torres 1204,-70.7309545,-33.4335696
PUDAHUEL,Cesfam Pudahuel Poniente,Federico Errázuriz 620,-70.7623191,-33.4480054
PUDAHUEL,Cesfam Violeta Parra,Av. Travesia 7447,-70.7583645,-33.4538068
QUINTA NORMAL,Cesfam Lo Franco,Av Carrascal 4459,-70.6947761,-33.4225318
QUINTA NORMAL,Cesfam Garin,Janequeo 5662,-70.7139902,-33.4304188
QUINTA NORMAL,Cesfam Andes,Andes 4242,-70.6928191,-33.4341266
MELIPILLA,Cesfam Florencia,Av. Libertad 1923 (ex 2211),-71.2180485,-33.6858668
PEÑAFLOR,Cesfam Peñaflor,Costa Rica 1000,-70.8958548,-33.6090845
TALAGANTE,Cesfam Alberto Allende Jones,Esmeralda 2049,-70.9377293,-33.6696128
BUIN,Centro Cultural de Buin (CECOSF Nuevo Buin),Carlos Condell 501,-70.7425848,-33.7312305
PAINE,VACUNATORIO ESTADIO TRICOLOR,18 DE SEPTIEMBRE 115,-70.7421466,-33.8077531
PAC,Escuela Consolidada Davila,Jose Juan Prieto Vial 6075,-70.6700787,-33.5073828
LA CISTERNA,Gimnsasio Municipal Manuel Rodriguez,Almirante Neff Norte 352,-70.6581826,-33.5279874
LO ESPEJO,Gimnasio Municipal,Av Americo Vespucio 03303,-70.693195,-33.5259425
SAN JOAQUIN,Colegio Fray Camilo Henriquez,Huara 5369,-70.6240393,-33.5060714
SAN MIGUEL,Liceo Betzabe Hormazabal,Gaspar Banda 4047,-70.6561203,-33.4903435
SAN BERNARDO,CESFAM CAROL URZUA,MENDOZA #0785 ESCUELA EEUU,NA,NA
SAN BERNARDO,Cesfam Padre Joan Alsina,Fernando Márquez de La Plata 5,-70.6979357,-33.6140543
EL BOSQUE,Liceo Juan Gómez Villa,Gran Avenida Jose Miguel Carrera 9740,-70.6708106,-33.5494028
LO BARNECHEA,Parque Las Rosas,Av. Raúl Labbé 14711,-70.4970906,-33.3619823
LO BARNECHEA,Centro Cultural El Tranque,Av. El Tranque 10300,-70.5413209,-33.3608
VITACURA,Vitavecino Nicolás Gogol,Nicolás gogol 1637,-70.562655,-33.3863883
LAS CONDES,Estadio Municipal Paul Harris,Av. Paul Harris 701,-70.5361383,-33.4110117
PROVIDENCIA,Gimnasio Sta Isabel (Al costado de CESFAM Dr. Alessandri),Los Jesuitas 827,-70.620773,-33.444241
PROVIDENCIA,Castillos Los Jesuitas (Al costado de CESFAM Dr. Alessandri),Los Jesuitas 857,-70.6203317,-33.4443973
LA REINA,Centro Odontológico,Cordillera 25-auto PNI,-70.5346622,-33.4524801
ÑUÑOA,Polideportivo,Juan Moya 1370,-70.5880317,-33.4669251
ÑUÑOA,Colegio Brigida Walker,San Eugenio 1100,-70.6246858,-33.4622422
ÑUÑOA,UMCE,Doctor Luis Bisquert 2765,-70.6031245,-33.4671132
MACUL,Gimnasio Parroquia Salesianos,Av. Macul 5950,-70.5915154,-33.5055878
PEÑALOLEN,Centro Cultural Chimkowe,Av. Grecia 8787-auto PNI,-70.5410769,-33.4773144
MAIPU,Colegio San Martin,5 de abril 439 (M a V),-70.762223,-33.5104402
MAIPU,Plaza Los Toros,Alberto Llona 1899,-70.7545741,-33.5093063
MAIPU,CESFAM Maipu,Av. Pajaritos N°2470,-70.7575332,-33.5048307
MAIPU,CESFAM Luis Valentín Ferrada,Tierra Fértil Nº 5161,-70.7561073,-33.4731925
MAIPU,CESFAM Carlos Godoy,Av. El Conquistador N°01565,-70.7965937,-33.5274412
ESTACIÓN CENTRAL,Escuela Básica Carolina Vergara Ayares,Coyhaique N°6055,-70.7051147,-33.4735656
ESTACIÓN CENTRAL,Piscina Municipal,Los Nardos 5880,-70.7092268,-33.4615664
ESTACIÓN CENTRAL,CESFAM Las Mercedes,Embajador Quintana N°5090,-70.7039298,-33.4520329
SANTIAGO,"CAM (cierra por hoy, abre mañana)",Matucana 272,-70.6799299,-33.4431302
SANTIAGO,Junta de vecinos Blanco Encalada,Zenteno 826,-70.6510727,-33.4561281
SANTIAGO,Estadio Victor Jara,Arturo Godoy 2750,-70.6745784,-33.4508548
SANTIAGO,Gimnasio Jose Manuel Lopez,Santa Elena 1675,-70.628874,-33.4662187
CERRILLOS,Gimnasio Municipal,Caletera Amercio Vespucio 914,-70.7305652,-33.5042259
CERRILLOS,CESFAM Dr Norman Voullieme,Salomon Sack N°977,-70.7199498,-33.4932734
CERRILLOS,CESFAM Enfermera Sofia Pincheira,Av. Las Torres N°7590,-70.7332484,-33.5012015
Mostazal,Cesfam Mostazal,Calle Luco N° 400,-70.707638,-33.9779729
Codegua,Cesfam Codegua,"O’Higgins N° 376, Codegua",-70.6681518,-34.0405349
Codegua,Liceo Municipal,Calle B (Barrio Civico) 255,-70.6684725,-34.0355482
Coltauco,Cesfam Coltauco,Avda. Arturo Prat N° 42,-71.0839348,-34.2881698
Doñihue,Cesfam Doñihue,Dr. Sanhueza S/N,-70.9614191,-34.2228727
Doñihue,Cesfam Lo Miranda,Las Carmelitas S/N,-70.8899214,-34.1984084
Coinco,Hospital Coinco,"Francisco Díaz Muñoz 157, Coinco",NA,NA
Graneros,Colegio Sixto Mendez,"Guillermo Berrios 236, Graneros",-70.7242928,-34.0714394
Graneros,Hospital Graneros,"Av. la Compañía 550, Graneros",-70.7312359,-34.0668298
Olivar,Cesfam Olivar,"Rafael Estrada N° 200, Olivar Alto",-70.8150763,-34.2118345
Olivar,Cesfam Gultro,Calle Orocoipo S/N,-70.7566776,-34.2031024
Machalí,Cesfam Machali,Miranda Nº 420,-70.6511887,-34.1798173
Requinoa,Gimnasio Municipal De Requinoa, Tromen s/n,-70.8211772,-34.2866812
Rancagua,Cesfam N° 1,Av Baquedano Nº 626,-70.76413,-34.16684
Rancagua,Cesfam N° 2, Almarza Nº 1064,-70.7397501,-34.1797164
Rancagua,Escuela España,"Almarza 1045, Rancagua",-70.7400783,-34.1782413
Rancagua,Colegio Manuel Rodriguez,"Miguel Ramírez 1201, Rancagua",-70.7091783,-34.1748235
Rancagua,Cesfam N°3,Bombero Villalobos Nº 010,-70.7053623,-34.1677543
Rancagua,Colegio El Cobre,"Pedro Luna 1101, Rancagua",-70.7436113,-34.1376928
Rancagua,Cesfam N° 4 Repúbica, Av. Nelson Pereira Nº 2411,-70.7406465,-34.1370019
Rancagua,Colegio Santa Filomena,Los Olivos 1462,-70.7135128,-34.1664248
Rancagua,Cesfam 5, Juan Martínez de Rozas Nº01265,-70.7194961,-34.163335
Rancagua,Liceo Santa Cruz De Triana,Avenida Constanza 01710,-70.7115365,-34.1522819
Rancagua,Cesfam N° 6,Av. Constanza 1790 Pobl. Vicuña,-70.7092423,-34.1491472
Pichidegua,Hospital Pichidegua,O'Higgins N° 160,-71.2857906,-34.3560474
Las Cabras,Cesfam Las Cabras,John Kennedy N° 506,NA,NA
Peumo,Hospital Peumo,San Juan de Dios N° 20,-71.1719975,-34.3893727
San Vicente,Cesfam San Vicente,Av. Central 460,-71.0913748,-34.4349435
Quinta Tilcoco,Liceo Republica De Italia,Av. German Castro 208-210,-70.9650488,-34.3540072
Malloa,Cesfam Malloa,Bernales N° 126,-70.9441995,-34.4413437
Malloa,Escuela Corcolen,Córcolen Malloa Callejon Del Rio Km. 05.,NA,NA
Malloa,Escuela Panquehue,Enrique Caceres Urbina 542,-70.9447591,-34.4405567
Malloa,Cesfam Pelequen,Av Santa rosa S/N,-70.8931096,-34.4540348
Malloa,Escuela Limahue,Camino Publico Limahue Nº 116,-70.9239888,-34.4635816
Malloa,Escuela Los Maquis,Los Maquis S/n,-70.8275227,-34.4866555
Rengo,Cesfam Rosario,San Ignacio N° 145,-70.8608394,-34.4028433
Rengo,Cesfam Oriente Rengo,José Miguel Carrera S/N,-70.8501741,-34.3995358
Rengo,Cesfam Rengo,Avda. Arturo Prat Nº 1850,-70.8490182,-34.3938477
Placilla,Cesfam Placila,Av Lord Cochrane Nº 683,-71.1108273,-34.6337953
Nancagua,Hospital Nancagua,18 de Septiembre 362,-71.2045748,-34.6506816
Nancagua,Gimnasio De Cunaco,Ismael Valdes Vergara S/N,-70.6414409,-33.4366032
Nancagua,Escuela De Yaquil,Camino Público S/N,-71.2578032,-34.6545749
Nancagua,Escuela Puquillay Bajo,Camino Público S/N,-71.2578032,-34.6545749
Nancagua,Escuela Puquillay Alto,Camino Publico S/n Entre Copa De Agua Potable Rural Y Paradero ,-71.1968597,-34.6523209
Chimbarongo,Hospital Chimbarongo,Calle Arturo Prat 36,-71.0367964,-34.7034702
San Fernando,Cesfam Centro,Manso de Velasco S/N esq Juan Jiménez,-70.9918994,-34.5737556
San Fernando,Gimnasio Municipal,Av. Manso de Velasco 541-575,-70.9874596,-34.5792224
San Fernando,Colegio Guissepe Bartolucci,José Miguel. Carrera N°488,-70.9698885,-34.5976901
Litueche,Hospital Litueche,Cardenal Caro 783,-71.7296469,-34.116286
Litueche,Ex Internado Comunal,Bernardo O'higgins s/n,-71.725176,-34.117272
Paredones,Cesfam Paredones,Avda. Dr. Moore N° 84,-71.899616,-34.6477897
La Estrella,Cesfam La Estrella,21 de Mayo Nº S/N,NA,NA
Navidad,Cesfam Navidad,Plaza General Bonilla N° 24,-71.830627,-33.952994
Pichilemu,Hospital Pichilemu,Jorge Errázuriz 181,-72.0131275,-34.3868239
Pichilemu,Ucam ( Union Comunal De Clubes De Adulto Mayor),Arturo Prat 99,-72.0059752,-34.3850143
Pichilemu,Posta Cardonal De Panilonco,Sector Cardonal De Panilonco,-71.8830433,-34.2920588
Marchigue,Hospital Marchigue,Laureano Cornejo N°410,-71.6173743,-34.3991314
Marchigue,Posta Pailimo,Calle Caserío Pailimo S/N,-71.6200289,-34.3961235
Peralillo,Posta Poblacion,"Calle Hermanas Morales, Población, Peralillo",-71.5512474,-34.4488229
Peralillo,Liceo Victor Jara,Av. Errázuriz 251 ,-71.4774228,-34.4806639
Peralillo,Cesfam Peralillo,Cardenal Caro S/N,-71.4776582,-34.4781443
Palmilla,Escuela Margot Loyola,calle Presidente Aníbal Pinto Nº 039,-71.3640566,-34.5937016
Chepica,Liceo San Jose Del Carmen, Avenida Central S/n.,-71.2785119,-34.7290264
Santa Cruz,Cesfam Chepica,18 de Septiembre N° S/N,-63.1511563,-17.810836
Santa Cruz,Escuela Especial De Santa Cruz,Av. Cabello 150,-71.3592116,-34.6324213
Rancagua,Fusat,Carr del Cobre 1002,-70.7242194,-34.1842527
Rancagua,Isamedica,Carr del Cobre 884,-70.7270344,-34.1828396
Rancagua,Integral,Alameda 634,-72.9397888,-37.1793174
Rancagua,Megasalud,German Riesco 206,-70.7381848,-34.1707321
Rengo,Vida Rengo,José Bisquert 354,-70.8644159,-34.4077893
San Fernando,Neumann Y Bertin,"Carampangue 708, San Fernando, O'Higgins",-70.9901846,-34.5852633
San Fernando,Centro Integral Enfermeria,"Carampangue 560, San Fernando, O'Higgins",-70.9908778,-34.5875277
San Fernando,Vacunatorio Centinela,Monseñor Larraín 1172,-70.9964609,-34.5777675
Maule,Centro Educacional Maule,Balmaceda 470,-71.2488443,-34.9867797
Maule,Escuela Colín,Colin S/N,-71.6902157,-35.4499405
Maule,Escuela Duao,Duao S/N,-71.596329,-35.5547091
Maule,Escuela Linares De Perales,Linares De Perales S/N,-71.9014123,-35.4981144
Maule,Escuela Villa Cobin,Camino Público S/N Villa Cobin,-71.6876021,-35.4524465
Maule,Escuela Quñipeumo,Quiñipeumo S/N,-71.6395925,-35.5477716
Maule,Escuela Numpay,"Ruta K-620 Km 4,5 Numpay",-71.7057228,-35.4909349
Maule,Escuela Chacarillas,Km 259 Maule,-71.6884912,-35.5183364
Maule,Escuela Callejones,Ruta K-635 Km 4,NA,NA
Maule,Centro Comunitario Numpay,Numpay S/N,-71.7057228,-35.4909349
Maule,Sede Social Oficina Municipal Maule Norte,29 Sur 1038,-71.6625912,-35.4600686
Maule,Cecosf Villa Francia,Calle Balmaceda 580,-71.6884912,-35.5183364
Maule,Cesfam Maule,Balmaceda 495,-71.6884912,-35.5183364
Pencahue,Complejo Educacional Pencahue,K-60-J 890,-71.7992627,-35.3961315
Pencahue,Escuela Santa Laura Lo Figueroa,Lo Figueroa S/N,-71.7597955,-35.4108246
Pencahue,Escuela Corinto,Corinto S/N,-71.8669687,-35.4423251
Pencahue,Escuela Osvaldo Hiriart Corvalan,Botalcura S/N,-71.779865,-35.2810758
Pencahue,Escuela Pedro Luis Oliva Navarrete Batuco,Batuco S/N,-71.7988408,-35.3959587
Pencahue,Cesfam Pencahue,Calle Fernando Parot Silva 148,-71.7988408,-35.3959587
Curepto,Posta Huaquen,Huaquen S/N,-71.695101,-35.1159196
Curepto,Posta Limavida,Limavida S/N,-72.0208891,-35.0958545
Curepto,Posta Gualleco,Gualleco S/N,-72.017846,-35.0934275
Curepto,Posta Calpun,Calpun S/N,-72.0208891,-35.0958545
Curepto,Posta Coipue,Coipue S/N,-72.0208891,-35.0958545
Curepto,Posta Estancill,Estancil S/N,-72.0182165,-35.0937188
Curepto,Posta Rapilermo,Rapilermo S/N,-71.8248056,-35.171788
Curepto,Posta Las Lomas,Las Lomas S/N,-72.017846,-35.0934275
Curepto,Hospital Curepto,"Pedro Antonio González Nº 24, Curepto",-72.0119442,-35.0987443
Pelarco,Escuela Pablo Correa Montt,Ruta K-45,-71.4507112,-35.3875237
Pelarco,Escuela El Manzano,Ruta K-455,-71.4507112,-35.3875237
Pelarco,Escuela Hernan Ciudad,Ruta K-55,-71.5996877,-35.423356
Pelarco,Liceo De Pelarco,Av. San Pedro S/N,-71.4495828,-35.3826707
Pelarco,Cesfam Pelarco,Av. Cintura S/N,-71.4423852,-35.3844154
Talca,Escuela Carlos Trupp,31 Oriente 10 1/2 Sur,-71.6332615,-35.4450105
Talca,Escuela San Miguel,Av. San Miguel Las Rastras,-71.6133498,-35.4393915
Talca,Escuela Prosperidad,6 Oriente 12 Norte,-71.6566387,-35.4119138
Talca,Escuela Esperanza,9 Norte 15 Y 16 Oriente,-71.6548325,-35.4153015
Talca,Escuela El Sauce,Km 10 Mercedes,NA,NA
Talca,Escuela Las Americas,20 Sur Con 9 Oriente,-71.6541474,-35.4240752
Talca,Complejo Educacional Javiera Carrera,19 Nte 6 Ote S/N,-71.6493639,-35.4031106
Talca,Escuela El Eden,14 Sur Con 6 Poniente #350,NA,NA
Talca,Escuela El Culenar,"Calle Arturo Prat, El Culenar",-71.6847032,-35.4498864
Talca,Posta Mercedes,Sector Mercedes S/N,-71.6328647,-35.4220484
Talca,Centro De Salud La Florida,Avenida Los Nogales S/N,-71.6024175,-35.4330887
Talca,Cesfam Julio Contardo Urzúa,Calle 15 Sur Con 10 Oriente S/N,-71.6554615,-35.4467953
Talca,Cesfam Carlos Trupp,Calle 8 Sur S/N,-71.6772897,-35.4314337
Talca,Consultorio José Dionisio Astaburuaga,Calle 12 Norte S/N,-71.652167,-35.4135654
Talca,Cesfam Las Américas,Calle 19 Norte 3000,-71.6394891,-35.4128988
Talca,Cesfam Villa Magisterio,Calle 21 Poniente Con 27 Sur S/N,-71.6983226,-35.4421189
Talca,Cesfam Bicentenario,Ramadillas De Lircay 3320,-71.6061613,-35.4153138
Talca,Cesfam Faustino González,Calle 17 Oriente 2360,-71.6377932,-35.4188051
Rio Claro,Posta Camarico,Camarico S/N,-71.4231462,-35.2204339
Rio Claro,Posta Los Robles,Los Robles S/N,-71.2521668,-35.2822479
Rio Claro,Posta El Bolsico,El Bolsico S/N,-71.1862061,-35.2453682
Rio Claro,Posta Peñaflor,Peñaflor S/N,-70.8724076,-33.6094754
Rio Claro,Posta El Porvenir,El Porvenir S/N,-71.2874643,-35.1621417
Rio Claro,Consultorio Cumpeo,Los Olivos S/N,-71.2599507,-35.2808267
San Rafael,Consultorio San Rafael,Avenida Oriente S/N,-71.5179937,-35.3063409
San Rafael,Gimnasio Municipal San Rafael,Av. Oriente S/N,-71.5179937,-35.3063409
Constitución,Cecosf Chacarillas,Piedra De La Iglesia 1040,-72.4231081,-35.3404464
Constitución,Posta Santa Olga,Cruce Empedrado S/N Santa Olga,-72.0822673,-37.4001394
Constitución,Sar Constitución,Av. Santa María 172,-72.4199489,-35.3407384
Constitución,Cesfam Cerro Alto,Calle Diagonal S/N,NA,NA
Constitución,Cesfam Constitución,Av. Sta. María 417-543,-72.4170382,-35.3324945
Constitución,Union Comunal De Adulto Mayor,Calle Zañartu Esquina Montt,-72.4140151,-35.3322375
San Clemente,Cecosf San Máximo,Villa Las Rosas San Máximo,-71.4872994,-35.5362386
San Clemente,Cecosf Chile Nuevo,Los Almendros S/N,-117.6287541,33.4405053
San Clemente,Cecosf Aurora,Calle José Miguel Carrera S/N,-117.6126004,33.4273521
San Clemente,Cesfam San Clemente,Avenida Huamachuco S/N,-71.5031328,-35.527797
San Clemente,Polideportivo San Clemente,Av. Huamachuco 1125,-71.4923716,-35.5363851
San Clemente,Escuela Las Lomas,Las Lomas S/N,-117.6243074,33.6890031
San Clemente,Escuela Punta Diamante,Punta De Diamante S/N,-117.5264051,33.3538018
San Clemente,Escuela Peumo Negro,Peumo Negro S/N,-71.4155343,-35.4480994
San Clemente,Escuela Aurora,Aurora S/N,-117.6053723,33.452356
San Clemente,Escuela Flor Del Llano,Flor Del Llano S/N,-71.5274258,-35.5035333
San Clemente,Escuela Chequen,Chequen S/N,-71.5649015,-35.557184
San Clemente,Escuela Bella Union,Bella Union S/N,-117.583374,33.4530754
San Clemente,Escuela Queri,Queri S/N,-117.5264051,33.3538018
San Clemente,Escuela Los Almendros,Los Almendros S/N,-117.6287541,33.4405053
San Clemente,Escuela Leopoldo Garcia,Nro 308 San Clemente,-117.6126004,33.4273521
San Clemente,Escuela Paso Nevado,Paso Nevado S/N,-117.6013086,33.4073026
San Clemente,Escuela Colorado,Colorado S/N,-104.8144463,38.7785366
San Clemente,Escuela Bramadero,Bramadero S/N,-117.5998107,33.4098131
San Clemente,Escuela Bajo Perquin,Bajo Perquin S/N,-71.3392902,-35.5678575
San Clemente,Escuela Corralones,Corralones S/N,-121.6576348,36.7152576
San Clemente,Escuela Vilches Alto,Vilches Altos S/N,-71.2085385,-35.5976851
San Clemente,Escuela Vilches Centro,Vilches Centro S/N,-71.2085385,-35.5976851
San Clemente,Escuela Los Montes,Los Montes S/N,-117.615443,33.425936
San Clemente,Escuela San Clemente,San Clemente S/N,13.0109512,42.5581451
San Clemente,Escuela Pehuenche,Pehuenche S/N,-70.4,-35.9833333
San Clemente,Escuela Ramadilla,Ramadilla S/N,-117.6287541,33.4405053
San Clemente,Escuela Mariposas,Mariposas S/N,-117.6206452,33.4269384
San Clemente,Escuela Quebrada Agua Sta Elena,Sta Elena S/N,-117.616346,33.4199375
Empedrado,Consultorio Empedrado,Avenida Bueras S/N,-72.2813372,-35.5903585
Empedrado,Sar Empedrado,Avenida Bueras S/N,-72.2813372,-35.5903585
Cauquenes,Liceo Claudina Urrutia,Catedral #525,NA,NA
Cauquenes,Liceo Bicentenario,Ruperto Pinochet #635,NA,NA
Cauquenes,Consultorio Armando Williams,Padre Alberto Hurtado S/N,-72.314958,-35.9824879
Cauquenes,Cesfam Armando Williams,Calle Padre Hurtado S/N,-72.314958,-35.9824879
Cauquenes,Sar Cauquenes,Balmaceda 680,-72.317427,-35.9642344
Cauquenes,Consultorio Poniente Dr. Ricardo Valdés Cauquenes,Calle Camino A Chanco. Km. 4 S/N,-72.3474684,-35.9502001
Cauquenes,Posta Quella,Quella S/N,-72.0914745,-36.0581864
Cauquenes,Posta Santa Sofia,Santa Sofia S/N,-72.3570983,-35.9650425
Cauquenes,Posta Sauzal,Sauzal S/N,-72.1247978,-35.7200059
Cauquenes,Posta Coronel De Maule,Coronel De Maule S/N,-72.4543829,-36.0494428
Cauquenes,Posta Name,Name S/N,-72.3247576,-35.9628526
Cauquenes,Posta Pocillas,Pocillas S/N,-72.2307807,-36.1610159
Cauquenes,Posta 3 Esquinas,3 Esquinas S/N,-72.2945105,-36.1430818
Cauquenes,Posta Cancha De Los Huevos,Cancha De Los Huevos S/N,-72.4698138,-36.1016812
Cauquenes,Posta Pilen,Pilen S/N,-72.3303723,-35.9584538
Cauquenes,Posta Cayurranquil,Cayurranquil S/N,-72.6334942,-35.9632629
Chanco,Posta Pahuil,Pahuil S/N,-72.5705263,-35.6178673
Chanco,Posta Quiluine,Quiluine S/N,NA,NA
Chanco,Posta Loanco,Loanco S/N,-72.6079003,-35.5906244
Chanco,Posta Cardonal,Cardonal S/N,-72.3571779,-35.7109754
Chanco,Posta El Colo,El Colo S/N,-72.7178631,-36.2695044
Chanco,Posta La Vega,La Vega S/N,NA,NA
Chanco,Estacion Medico Rural Chanco,Chanco S/N,-72.7178631,-36.2695044
Chanco,Hospital De Chanco,Avenida Padre Rolando Escobar N° 640,-72.5322421,-35.7394922
Pelluhue,Escuela Curanipe,Av. Padre Samuel Jofre 580,-72.638267,-35.8467971
Pelluhue,Liceo Pelluhue,Arturo Aparicio S/N,-72.5735471,-35.8120801
Pelluhue,Escuela Chovellen,Sector Chovellen S/N,-72.6646722,-35.9139775
Pelluhue,Escuela Blanca Bustos Chovellen,Sector Chovellen S/N,-72.6646722,-35.9139775
Licantén,Colegio Manuel Aviles (Iloca ),Agustin Besoain S/N,-72.186304,-34.9422504
Licantén,Liceo Augusto Santelices Valenzuela (Basica),Alejandro Rojas S/N Licanten,-72.0647855,-35.0230524
Licantén,Hospital Licanten,Av. Lautaro S/N,-71.165004,-34.8776774
Romeral,Liceo Arturo Alessandri Palma,Av.Brasil # 630,NA,NA
Romeral,Escuela Gerardo Rodríguez,Ramón Freire Km. 20,-71.1239718,-34.9578507
Romeral,Escuela Gislen Bernucci,Ruta J57 Avda. El Peumal S/N,-71.0571135,-35.0131629
Romeral,Escuela Guaico Centro,Guaico Centro S/N,-71.0508448,-34.9744967
Romeral,Escuela Fernando Lazcano,Guaico 3 S/N,-71.0176082,-34.9696578
Romeral,Escuela Tres Esquinas,Tres Esquinas S/N,-71.0980563,-34.9628502
Romeral,Escuela América Latina,"Ruta J-55, Las Catreras",-71.1261212,-34.9612573
Romeral,Sede Social Calabozo,"Ruta J55 Km 19,8",NA,NA
Romeral,Sede Social Peumal,"Avenida Peumal, S/N",-71.0571135,-35.0131629
Romeral,Sede Social Los Queñes,Avenida La Junta S/N,-71.1241364,-34.9584365
Romeral,Posta Calabozo,"Avenida Ramón Freire S/N, Ruta J55",-71.1253147,-34.9612118
Romeral,Posta Peumal,"Avenida Peumal, S/N",-71.0571135,-35.0131629
Romeral,Posta Los Queñes,Avenida La Junta S/N,-71.1241364,-34.9584365
Romeral,Cesfam Romeral,Pasaje Luis Saiz 196,-71.1270248,-34.9597853
Curicó,Colegio Alesandri,Av. Alesandri #1700,NA,NA
Curicó,Escuela Los Conquistadores,Av. Mataquito #915,NA,NA
Curicó,Escuela Argentina,Av. Huaiquillo 358,-71.242727,-34.9962588
Curicó,Escuela Brasil,Carmen #1080,NA,NA
Curicó,Escuela Padre Hurtado,Tierra Del Fuego S/N Esquina Islas Autrales Santa Fe,-71.244148,-34.96713
Curicó,Escuela Estado Unidos,Camino Los Niches Km 10 Curico,NA,NA
Curicó,Escuela Maria Olga Figueroa,Principal 91 Sarmiento,-71.2013496,-34.9347476
Curicó,Escuela Potrero Grande,Camino Potrero Grande S/N,-71.1056437,-35.1809476
Curicó,Cesfam Miguel Ángel Arenas López,Avenida Balmaceda 179,-71.2485074,-34.9913179
Curicó,Cesfam Los Niches,Calle Villa Santa Elena S/N,-71.2347847,-34.9831132
Curicó,Consultorio Ex Sol De Septiembre,Av. Alessandri 1290,-71.214104,-34.9762973
Curicó,Cesfam Sarmiento,Calle Volcán Calbuco S/N,-71.1955946,-34.9374006
Curicó,Consultorio Colón,Calle Balmaceda S/N,-71.2492455,-34.9827032
Curicó,Consultorio Sol De Septiembre,Calle Piloto Marcelo Oxilia 1550,-71.2180518,-34.9703255
Curicó,Consultorio Curicó,Avenida Freire 189,-71.2377999,-34.9766836
Molina,Escuela Las Palmas De 3 Esquinas,3 Esquinas S/N,-71.2829759,-35.1164987
Molina,Escuela Quechereguas De Pichingal,Calle Principal S/N De Pichingal,-71.2135375,-35.11689
Molina,Jardin Infantil Hormiguita De Itahue,Itahue S/N,-71.3315399,-35.1296529
Molina,Escuela San Pedro,Dr. Hurtado 1817,-71.2935015,-35.1055623
Molina,Casa Saludable Chile Crece Molina,Av. Hospital 2140 Lontué,-71.2688602,-35.0567954
Molina,Cesfam Lontué,Hospital S/N Lontue,-71.2740779,-35.055816
Molina,Hospital Molina,Av. Luis Cruz Martinez S/N,-71.2900248,-35.1101802
Molina,Posta Tres Esquinas,Tres Esquinas S/N,-71.2829759,-35.1164987
Molina,Posta Pichingal,Pichingal S/N,-71.2135375,-35.11689
Molina,Posta Itahue,Itahue S/N,-71.3315399,-35.1296529
Molina,Posta Yacal,Yacal S/N,-71.1380769,-35.178423
Molina,Posta Radal,Radal S/N,-71.2991238,-35.1056127
Sagrada Familia,Consultorio Villa Prat,Calle Principal S/N,2.1743558,41.4036299
Sagrada Familia,Consultorio Sagrada Familia,Calle Presbítero Tomás Correa,-71.3445822,-34.9984205
Hualañe,Posta La Huerta,La Huerta S/N,-71.6580385,-35.0901057
Hualañe,Posta Espinalillo,Espinalillo S/N,-71.7993371,-34.9725157
Hualañe,Posta Barba Rubia,Barba Rubia S/N,-71.6523823,-34.9438614
Hualañe,Hospital De Hualañé,"Av. Libertad S/N, Hualañé",-71.8054158,-34.9759233
Vichuquén,Escuela Lago Vichuquen Aquelarre,Aquelarre S/N,-72.038061,-34.8507992
Vichuquén,Gimnasio Municipal De Vichuquén,Ignacio Carrera Pinto C/ Oscar Beltrán,-72.0215879,-34.840559
Vichuquén,Escuela Playa Linda Lipimávida,Lipimavida S/N,-72.1415915,-34.8512535
Vichuquén,Centro De Salud Vichuquén,Calle Luis Cruz Martínez,-71.9942729,-34.8787585
Teno,Centro De Salud Comalle,Calle Capellanía S/N,-119.7841488,39.5572517
Teno,Centro De Salud Morza,Calle Sector Morza S/N,-119.800442,39.476245
Teno,Posta Santa Blanca,Sector Santa Blanca,-71.0289616,-34.9201753
Teno,Hospital De Teno,"Arturo Prat, Teno",-71.1638794,-34.8718904
Rauco,Escuela De Rauco,Balmaceda #37,NA,NA
Rauco,Escuela Luis Leyton Rubio,Camino La Costa Ruta J60 Km 14,NA,NA
Rauco,Escuela Plumero,Cruce Las Cuatro Bocas S/N,-71.3156315,-34.9253441
Rauco,Escuela La Alborada,Los Alisos Rauco,-71.25692,-34.9011689
Rauco,Escuela Los Almendros,Camino Viejo Palquibudi,-71.5571515,-35.040222
Rauco,Liceo Polivalente La Palmilla De Rauco,La Palmilla S/N,-71.3156315,-34.9253441
Rauco,Centro Comunitario Comuna De Rauco,Balmaceda #58,NA,NA
Rauco,Consultorio Rauco,Avenida Bernardo O’Higgins S/N,-71.3175774,-34.9229883
Linares,Liceo Bicentenario Valentín Letelier,Lautaro 288,-71.5952361,-35.8495349
Linares,Liceo Politécnico,Av. Presidente Ibañez S/N,-71.5951676,-35.8402646
Linares,Vacunatorio Particular Clinica Linares,San Martin 669,-71.6012582,-35.8432936
Linares,Posta Rural Llancanao,Calle Rengo S/N,-71.604741,-35.851365
Linares,Posta San Victor Alamo,Calle Carlos Ibáñez Del Campo S/N,-71.5923628,-35.862467
Linares,Pasta Las Hornillas,Calle Colo Colo S/N,-71.592465,-35.8512556
Linares,Posta De Palmilla,Sector Palmilla,-71.7342381,-35.8100235
Linares,Posta De Vega De Sala,Sector Vega De Sala,-71.31902,-35.9852479
Linares,Posta Los Hualles,Sector Los Hualles,-71.5842226,-35.8585936
Linares,Posta De Vara Gruesa,Sector Vara Gruesa,-71.5252231,-35.8318849
Linares,Pasta Embalse Ancao,Sector Embalse Ancoa,-71.6142261,-35.8381862
Linares,Posta Chupallar,Sector Chupallar,-71.6142261,-35.8381862
Linares,Posta Las Toscas,Calle Los Sauces S/N,NA,NA
Parral,Liceo Federico Heisse,Urrutia #635,NA,NA
Parral,Cesfam Arrau Méndez,Calle Cayetano Landaeta S/N,-71.8408183,-36.1440229
Parral,Sar Parral,Delicias Norte 149,-71.8241456,-36.1455919
Parral,Cecosf Buenos Aires,Av. Buenos Aires 355,-71.8187636,-36.1296704
San javier,Escuela Municipal Jose Manuel Balmaceda,Tacna 1433,-71.7354093,-35.5941355
San javier,Cesfam Dr. Carlos Díaz Gidi,Avenida Chorrillos Sur S/N,-71.7272262,-35.5926333
San javier,Cecosf San Pablo,Pobl. San Pablo S/N,-100.1431442,25.7385504
San javier,Posta Aromo,Aromo S/N,-71.7319406,-35.598337
San javier,Posta Sauce,Sauce S/N,-71.729441,-35.5957176
San javier,Posta Alquihue,Alquihue S/N,-71.729441,-35.5957176
San javier,Posta Villavicencio,Villavicencio S/N,-73.6508337,4.1424413
San javier,Posta Nirivilo,Nirivilo S/N,-72.0911603,-35.5436478
San javier,Posta Rastrojos,Rastrojos S/N,-118.4431374,34.0586531
San javier,Posta Huerta De Maule,Huerta De Maule S/N,-71.9453201,-35.6617513
San javier,Posta Melozal,Melozal S/N,-71.7987089,-35.7339703
San javier,Posta Caliboro,Caliboro S/N,-71.8994327,-35.8244755
Colbún,Cesfam Colbún,Calle Adolfo Novoa 236,-71.4039166,-35.6965431
Colbún,Cesfam Panimávida,Avenida Capitán Rebolledo S/N,-71.4186564,-35.7607082
Colbún,Posta Maule Sur,Callejon Escuela Maule Sur,-71.4019009,-35.6361711
Colbún,Posta Lomas De Putagan,Camino Vecinal Lomas De Putagan,-71.4528398,-35.8247238
Colbún,Posta La Floresta,Camino San Juan,-71.481966,-35.71559
Colbún,Posta Quinamavida,Sector Quinamavida S/N Camino Vecinal,-71.4146915,-35.699248
Villa Alegre,Cesfam Villa Alegre,Avenida Francisco Antonio Encina 141,-71.733519,-35.6858355
Villa Alegre,Sar Villa Alegre,Avenida Francisco Antonio Encina 131,-71.733519,-35.6858355
Villa Alegre,Escuela Timoteo Araya,Ruta L-16 395 Villa Alegre,-71.7241995,-35.6881167
Villa Alegre,Escuela Hernan Lobos,Certenejas 410,-71.7300245,-35.6950466
Villa Alegre,Gimnasio Municipal De Villa Alegre (Nuevo),Centenario Guerra Del Pacífico Villa Alegre,-71.7410195,-35.6771611
Villa Alegre,Posta Peñuelas,Peñuelas S/N,-71.5802732,-35.6517709
Villa Alegre,Posta Lagunillas,Lagunillas S/N,-71.6532991,-35.6554533
Villa Alegre,Posta Esperanza,Esperanza S/N,-105.9534964,35.6704583
Villa Alegre,Posta Putagan,Putagan S/N,-71.6653859,-35.7637546
Villa Alegre,Cecosf Loma De Las Tortillas,Loma De Las Tortillas S/N,NA,NA
Longaví,Cesfam Amanda Benavente,Calle 1 Norte 160,-71.6852269,-35.9650718
Longaví,Cecosf Longaví,5 Poniente N° 1,-71.6876473,-35.9634456
Longaví,Posta Miraflores,Miraflores S/N,-71.6550972,-35.9144083
Longaví,Posta Huimeo,Huimeo S/N,-71.6876473,-35.9634456
Longaví,Posta San Jose,San Jose S/N,-71.6876473,-35.9634456
Longaví,Posta Mesamavida,Mesamavida S/N,-71.5685687,-35.9765521
Longaví,Posta La Quinta,La Quinta S/N,-71.5687109,-36.0522374
Longaví,Posta Loma De Vasquez,Loma De Vasquez S/N,-71.6876473,-35.9634456
Longaví,Posta El Carmen,El Carmen S/N,-71.582834,-36.09396
Longaví,Posta La Tercera,La Tercera S/N,-71.6876473,-35.9634456
Longaví,Estación De Enfermería Paso Cuñao,Paso Cuñao S/N,-71.7489371,-35.8924461
Longaví,Escuela Jose Miguel Carrera,Miraflores S/N,-71.6550972,-35.9144083
Longaví,Escuela Roberto Opazo,Huimeo S/N,-71.6876473,-35.9634456
Longaví,Escuela Domingo Cuellar,San Jose S/N,-71.6876473,-35.9634456
Longaví,Escuela Francisco Urrutia,Mesamavida S/N,-71.5685687,-35.9765521
Longaví,Liceo Laura Urrutia,La Quinta S/N,-71.5656555,-36.0548206
Longaví,Escuela Sofia Vasuqez Rebolledo,Loma De Vasquez S/N,-71.6876473,-35.9634456
Longaví,Colegio El Carmen,El Carmen S/N,-71.582834,-36.09396
Longaví,Escuela Cardenal Jose Maria Caro,La Tercera S/N,-71.6876473,-35.9634456
Longaví,Estación De Enfermería Llollinco,Paso Cuñao S/N,-71.7489371,-35.8924461
Longaví,Estación De Enfermería La Puntilla,La Puntilla /N,-71.5566575,-35.9347775
Longaví,Estación De Enfermería Polcura,Polcura S/N,-71.5400485,-36.0004144
Longaví,Estación De Enfermería La Sexta,La Sexta S/N,-71.6876473,-35.9634456
Longaví,Estación De Enfermería Quinta Sur,Quinta Sur S/N,-71.6876473,-35.9634456
Longaví,Estación De Enfermería Esperanza,Esperanza S/N,-71.6876473,-35.9634456
Retiro,Posta San Marco,San Marco S/N,-97.6390556,35.5934139
Retiro,Posta Villaseca,Villaseca S/N,-71.8419298,-35.8646538
Retiro,Posta Piguchen,Piguchen S/N,-71.7486727,-36.0276866
Retiro,Posta De Santa Delfina,Santa Delfina S/N,-71.6735923,-36.1339948
Retiro,Posta De Talhuenes,Talhuenes S/N,-71.9780257,-35.8456131
Retiro,Posta De Copihue,Copihue S/N,-71.7991011,-36.0898875
Retiro,Posta San Ramon,San Ramon S/N,-121.9539616,37.7643595
Retiro,Posta Los Robles,Los Robles S/N,-71.7225473,-36.1406801
Retiro,Cesfam Marta Estévez,Av. Errázuriz S/N,-71.7584573,-36.0489599
Yerbas Buenas,Posta Orilla De Maule,Orilla De Maule S/N,-71.5397687,-35.6176928
Yerbas Buenas,Emr Santa Ana,Santa Ana S/N,-71.4880684,-35.6224195
Yerbas Buenas,Emr San Juan,San Juan S/N,-71.582386,-35.747325
Yerbas Buenas,Posta Puipuyen,Puipuyen S/N,-71.5261881,-35.7553009
Yerbas Buenas,Posta Semillero,Semillero S/N,-71.5850215,-35.7511206
Yerbas Buenas,Posta Maitencillo,Maitencillo S/N,-71.5837327,-35.750077
Yerbas Buenas,Centro De Salud Ignacio Carrera Pinto,Avenida Marcial Cáceres 48,-71.5863731,-35.7507209
Bulnes,Hospital De Bulnes,Calle Balmaceda S/N,-72.2983753,-36.7389997
Bulnes,Cesfam Santa Clara,"Calle Las Rosas S/N, Villa Santa Clara",-72.3283702,-36.8265591
Bulnes,"Escuela Pal Pal,  Santa Clara","Calle Larga 389, Santa Clara",-72.3283702,-36.8265591
Bulnes,Escuela Evarista Ogalde,"Km 9, Sector Tres Esquinas",NA,NA
Chillán,Cesfam Violeta Parra,Calle Francisco Ramirez 150,-72.0904647,-36.6090251
Chillán,Escuela Arturo Merino Benitez,Calle Yungay 148,-72.087758,-36.6030537
Chillán,Escuela Juan Madrid,Avenida O´Higgins 840,-72.1105249,-36.6090014
Chillán,Sede Comunitaria Ampliación Purén,Avenida España 252,-72.0912737,-36.6149187
Chillán,"Universidad Del Bio-Bio, Sede Fernando May","Andres Bello 720, Chillán",-72.0753115,-36.5999008
Chillán,Sede Club Deportivo Juniors,Avenida Padre Hurtado 60,-72.1008932,-36.5971476
Chillán,Cesfam  San R. Nonato,Calle Colo-Colo S/N,-72.097315,-36.625114
Chillán,Cecosf El Roble,Calle Los Espinos 745,-72.10197,-36.62504
Chillán,Cecosf Los Alpes,"Pasaje 7, 1635 Los Alpes",-72.1023351,-36.6062618
Chillán,Posta Cato,Sector Capilla Cato S/N,-72.1097778,-36.6274814
Chillán,Sede La Quinta,"Pasaje La Quinta, Camino Las Mariposas",-71.9877725,-36.6411426
Chillán,Multicancha Doña Francisca,Salto Del Itata 247,-72.0732764,-36.6279892
Chillán,Cesfam Los Volcanes (Estacionamiento),"Calle Los Condores 155, Villa Chiloe",-72.0812758,-36.6186099
Chillán,Sala Cuna Gotitas De Amor,Calle Maullin 1079,-72.0816422,-36.6179241
Chillán,Escuela Marta Colvin,Reloncaví 1250,-72.0789897,-36.6181822
Chillán,Cesfam Sol De Oriente,"Avenida Nueva Oriente 690, Lomas De Oriente 3",-72.0759968,-36.6154785
Chillán,Cesfam Ultraestacion,"Avenida Martín Ruiz De Gamboa S/N, Villa Ultraestación",-72.1204558,-36.6044215
Chillán,Escuela Portugal,Antartica Chilena 549,-72.1277086,-36.606943
Chillán,Posta Huape,Sector Huape S/N,-72.232118,-36.609292
Chillán,Cesfam Isabel Riquelme,Calle Los Batallones 1573,-72.1135549,-36.6191795
Chillán,"Sede Comunitaria N°16, El Tejar","Sur Poniente, El Tejar",-72.1205736,-36.6175666
Chillán,Cecosf Doña Isabel,Calle Los Arellanos 1780,-72.1023351,-36.6062618
Chillán,Cesfam Quinchamali,"Calle Principal S/N, Villa Quinchamalí",-72.0716875,-36.6245615
Chillán,Sede Comunitaria Santa Cruz De Cuca,Sector Santa Cruz S/N,-72.106694,-36.5952533
Chillán Viejo,Cesfam Federico Puga,Calle Erasmo Escala 872,-72.1279834,-36.6286762
Chillán Viejo,Centro Comunitario,Juan Martinez De Rosas 496,-72.126109,-36.6242427
Chillán Viejo,Cesfam M. Bachelet,"Avenida Reino De Chile 1211, Villa Rios Del Sur",-72.111334,-36.6310047
Chillán Viejo,Sede Comunitaria Los Rios Del Sur,Villa Rios Del Sur S/N,-72.0996678,-36.6277864
Pinto,Cesfam Pinto,Calle Ernesto Riquelme S/N,-71.893792,-36.705288
Pinto,Posta Recinto,J.J Sotomayor S/N,-96.7004763,40.8201966
Coihueco,Cesfam Coihueco,Calle Eleuterio Ramirez 1233,-71.8285825,-36.6250969
Coihueco,Sede Adulto Mayor Casa Piedra,Calle Bamaceda 1006 55,-71.8313633,-36.6222098
Coihueco,4 En Psr  Tanilvoro Talquipen M. Del Prado Y Bustamante,Sector M. Del Prado Y Bustamante,-71.8341797,-36.6281927
Coihueco,Colegio Guillermina Drake,"N 49, 1567",-71.8331225,-36.6281871
Coihueco,Cesfam Luis Montecinos,Calle Tres Esquinas S/N,-72.2075575,-36.7900515
San Carlos,Cesfam Duran Trujillo,Calle Las Acacias 470,-71.96941,-36.4184
San Carlos,Liceo Violeta Parra,Calle El Canelo 1135,-71.9706603,-36.4173129
San Carlos,Cecofs Cachapoal,Camino Cchapoal S/N,-122.2595375,37.5063448
San Carlos,"Postas De Salud Rural: Rivera Ñuble, Torrecilla, Monte Blanco Toquihua Y Arizona",Sector Rural S/N,-111.039311,27.958919
San Carlos,Cesfam Teresa Baldechi,Calle Ignacio Serrano 2,-71.9606096,-36.4345327
Cobquecura,Cesfam Cobquecura,Calle Chacabuco 473,-72.7990095,-36.137193
Cobquecura,Psr Buchupureo,Sector Buchupero S/N,-72.7922214,-36.131556
Coelemu,Hospital De Coelemu,Avenida Manuel Antonio Matta 370,-72.7055397,-36.4901875
Coelemu,Escuela Francisco Pino,Excequiel Larenas 411,-72.7027538,-36.4906257
El Carmen,Hospital De El Carmen,Calle Isabel Riquelme 448,-72.0342711,-36.8987206
Ninhue,Cesfam Ninhue,Calle Arturo Prat 405,-72.4,-36.4
Ninhue,Sede Am Al Lado Cesfam Ninhue,Alcalde Campos Carvajal # 247 Ninhue,NA,NA
Ninhue,Gimnasio Municipal Ninhue Dia De Pago 5/2/2021,Gimnasio Municipal Arturo Prat 720,-72.4,-36.4
Ninhue,4/2/21 Posta Rural El Sause Y El Rincon,Sector El Sauce S/N,-71.8306042,-36.4380742
Ñiquén,Cesfam De Ñiquen,Calle Semiramis Caro S/N,-71.8139406,-36.2825566
Ñiquén,Escuela Ñiquen,Ñiquen Estacion,-72.0626077,-36.2362668
Pemuco,Cesfam Pemuco,Calle Padre Jorge Herrera 1086,-72.0905589,-36.9778917
Portezuelo,Cesfam Portezuelo,Calle San Martin 150,-72.4286603,-36.5297984
Portezuelo,Liceo Nibaldo Sepulveda,Calle San Martin 386,NA,NA
Portezuelo,Escuela San Francisco,Sector San Francisco,-68.2972222,-26.8716667
Portezuelo,Sede Capellania,Sector Capellania S/N,-72.4325275,-36.5311055
Portezuelo,Sede Cuccha Cox,Sector El Sauce S/N,-55.1403426,-34.8732764
Quillón,Cesfam Quillon,Calle Francisco Unzuenta 159,-72.469031,-36.741926
Quillón,Cecosf El Casino,"Camino El Casino S/N, Cerro Negro",-72.4260519,-36.8290176
Quillón,Polideportivo Quillón,Serrano 501,-72.4696781,-36.7428099
Quirihue,Hospital De Quirihue,Calle Arturo Prat 145,-73.0567961,-36.8335238
Quirihue,Internado Municipal Quirihue,Blanco Encalada 371,NA,NA
Ránquil,Cesfam Ñipas,Calle Pedro Aguirrez Cerda 392,-72.536292,-36.6044553
San Fabián,Cesfam San Fabian,Calle 21 De Mayo S/N,-71.5507427,-36.5569207
San Ignacio,Cesfam San Ignacio,Calle Manuel Jesus Ortiz 411,-72.0306628,-36.7991706
San Ignacio,Gimnasio De La Comuna San Ignacio,Manuel Rodriguez (Angel Hernandez Y Remberto Valdez),-72.0325677,-36.7987473
San Ignacio,Cesfam Quiriquina,Calle Central S/N,-84.1622256,9.799266
San Ignacio,C.G.R. Pueblo Seco,Calle Ema Fuentes 911,-72.0919855,-36.8789286
San Ignacio,Punto Sector Las Quilas (8/2/21),Sector Las Quilas,-115.5681084,30.8669025
San Ignacio,Punto Sector Diguillin (10/02/2021),Sector Diguillin,-72.0275686,-36.8561301
San Nicolás,Cesfam San Nicolas,Calle Arturo Prat S/N,-72.2128894,-36.5014759
San Nicolás,Gimnasio De San Nicolas,Balmaceda 377,-72.2184972,-36.5038312
Treguaco,Cesfam  Trehuaco,Calle Juan Mackenna S/N,-72.6691093,-36.4314814
Treguaco,Liceo Trehuaco,Gonzalo Urrejola 870,-72.6691093,-36.4314814
Yungay,Hospital De Yungay,Calle Angamos 658,-72.0047984,-37.1230347
Yungay,"Club Deportivo, Cerca Del Hcsf Yungay",Dolores 295,-72.0222007,-37.1211667
Yungay,Cesfam Campanario,Avenida Argentina S/N,-72.1877309,-37.1348133
Yungay,Liceo De Campanario,Calle Cruz Del Ciprés Esq. Av. Argentina.,-72.1828494,-37.1361563
Yungay,Junta De Vecinos Ranchillo Bajo,Sector Ranchillo Bajo,-72.0484736,-36.3906598
Yungay,Escuela Rural Santa Irma,Sector De San Antonio S/N,-98.4080515,29.5148277
Yungay,Escuela El Roble,Sector El Roble,-72.1419703,-37.1739049
Chillan,Clinica Chillan,Calle Pedro Aguirrez Cerda 81,-72.1080511,-36.6157494
Chillan,Red Salud,Constitución 620,-72.1024293,-36.6078164
Chillan,Clinica Las Amapolas,Avenida Vicente Mendez 75,-72.0901222,-36.6017147
Chillan,Vacunatorio Chillan,Avenida Collin 483,-72.1077136,-36.6143662
Chiguayante,COLEGIO ANDRES BELLO,Pinares 503,-73.0244149,-36.9325178
Chiguayante,Centro De Salud Familiar Pinares,"La Marina 1259, Chiguayante",-73.0274065,-36.9334387
Chiguayante,Escuela John F. Kennedy,Arturo Prat 200,-73.0254988,-36.9128256
Chiguayante,ESCUELA ALEMANA," Calle Herrera s/n, Población Papen",-73.0173901,-36.9532201
Chiguayante,Consultorio Chiguayante,"Chiguay Esquina La Marina, Chiguayante.",-73.0292967,-36.926023
Chiguayante,Sede Villa La Pradera 2,"Calle Dos 6086, Chiguayante,",-73.0173901,-36.9532201
Chiguayante,Centro De Salud Familiar La Leonera,"Manuel Rodríguez S/N, Chiguayante.",-73.0204333,-36.9367049
Chiguayante,Centro De Salud Familiar La Leonera,"Manuel Rodríguez S/N, Chiguayante.",-73.0264623,-36.9225699
Chiguayante,Escuela Grecia,Leonera Escocia 82,-73.0156207,-36.9557099
Concepción,Centro De Salud Familiar Pedro De Valdivia (Concepción),Las Canchas 56,-73.0560924,-36.8422017
Concepción,Colegio Alonso De Ercilla,"Rancagua 114, Concepción, Bío Bío",-73.0573837,-36.8367942
Concepción,Consultorio O'Higgins,"Salas 538, Concepcion",-73.0561847,-36.8285711
Concepción,Centro de referencia de salud municipal,san martin 262,-73.0541556,-36.8308074
Concepción,Colegio Madres Domínicas,Freire 114,-73.0579632,-36.8284057
Concepción,Centro De Salud Familiar Víctor Manuel Fernández,Maipu 2120,-73.0322796,-36.816676
Concepción,Estadio Municipal desde 9:15,Collao 481,-73.0245892,-36.8168387
Concepción,Centro De Salud Familiar Tucapel,Juan De Dios Rivera 1060,-73.0544545,-36.8100922
Concepción,Liceo De Adultos José Manuel Balmaceda,"Ejército 899, Concepción, Bío Bío",-73.0564844,-36.8115563
Concepción,Casa Del Adulto Mayor,Tucapel Esq. Ejercito,-73.0547319,-36.8113162
Concepción,Centro De Salud Familiar Lorenzo Arenas,Fernandez Vial 2272,-73.0679948,-36.8107479
Concepción,Sede Club Deportivo Flecha,Arturo Fernández Vial 2709,-73.0717893,-36.8086146
Concepción,Colegio Marina De Chile,"Marina De Chile 2836, Concepción, Bío Bío",-73.0733853,-36.8093459
Concepción,Sede JJVV El Golf,"El Golf 2331 32, Concepción",-73.0650754,-36.8092198
Concepción,Centro De Salud Familiar Juan Soto,Avenida Zañartu 849,-73.0676713,-36.8281411
Concepción,Centro Integral Del Adulto Mayor ,"Desiderio Sanhueza 393, Concepción, Bío Bío",-73.0665898,-36.8280949
Concepción,Sede Club Deportivo Pedro Del Río.,"Guillermo Matta 377, Concepción, Bío Bío",-73.0688573,-36.824287
Concepción,Centro De Salud Familiar Santa Sabina,"Toribio Medina N°1415, Concepción.",-73.0441391,-36.7922857
Concepción,Cooperativa San Enrique,Eduardo Barrios 2465,-73.0137597,-36.7642099
Concepción,colegio santa sabina,Lleuque 1477,-73.0428133,-36.7894676
Concepción,Sede Villa Udec,"Abdón Cifuentes 1421, Concepción, Bío Bío",-73.0408736,-36.7887375
Concepción,Estadio Nonguen,camino a nonguen S/N,-73.0052965,-36.8346756
Concepción,Cesfam Nonguen,"Río Loa 1397, Concepción",-73.0065354,-36.8310042
Coronel,escuela remigio castro aburto,balmaceda 120,-73.1456505,-37.0300325
Coronel,Hospital San José (Coronel),Lautaro 600,-73.1368335,-37.0281263
Coronel,Centro De Salud Carlos Pinto Fierro,Manuel Montt 1500,-73.1614321,-36.9994937
Coronel,escuela F690 arturo hughes cerna,"Los Alamos 2428, Coronel",-73.1600607,-36.9898032
Coronel,Centro De Salud Familiar Lagunillas,"Los Alamos 2428, Coronel",-73.1600607,-36.9898032
Coronel,Centro De Salud Familiar Yobilo,"Santos Leoncio Medel 750, Coronel",-73.1507493,-37.0125452
Coronel,liceo comercial de yobilo,"Santos Leoncio Medel 750, Coronel",-73.1507493,-37.0125452
Florida,Hospital De Florida,"Sargento Aldea 1114, Florida Alto",-72.6649188,-36.8225777
Florida,CECOFS,"Sargento Aldea 1114, Florida Alto",-72.6649188,-36.8225777
Hualpen,Centro De Salud Familiar Hualpencillo,"Bulgaria # 2845, Hualpén",NA,NA
Hualpen,Centro De Salud Familiar Talcahuano Sur,"Postdam # 632, Hualpén",NA,NA
Hualpen,Centro De Salud Familiar La Floresta,"Postdam # 2598, La Floresta Iii",NA,NA
Hualqui,Centro De Salud Familiar Hualqui,"Bulnes 623, Hualqui",-72.93771,-36.9746501
Hualqui,Hospital De Lota,Carrera 702 Lota,-73.1556308,-37.0907198
Lota,colegio angel de peredo,Carrera 702 Lota,-73.1545822,-37.0920575
Lota,Consultorio Dr Sergio Lagos Olave (Ex Nº 4 Lota Bajo),"Matta 454, Lota",-73.1545822,-37.0920575
Lota,Escuela Baldomero Lillo,"Carrera 501-599, Lota, Bío Bío",-73.1558515,-37.0921338
Lota,Centro De Salud Familiar Juan Cartes Arias,"Carlos Cousiño 599, Lota",-73.1593809,-37.0808256
Lota,Liceo A45 Carlos Cousiño.,"Carlos Cousiño 351-249, Lota, Bío Bío",-73.1617685,-37.0841097
Penco,Centro De Salud Familiar Penco,"O'Higgins 500, Penco",-72.9929481,-36.739203
Penco,Centro De Salud Familiar Lirquen,Pedro Aguirre Cerda 501,-72.9755595,-36.720136
San Pedro de la Paz,SAR boca sur,"2° Longitudinal 457, San Pedro",-73.1406336,-36.8395303
San Pedro de la Paz,Centro De Salud Familiar San Pedro De La Paz,"Diagonal Bio Bio N° 165, Candelaria, San Pedro De La Paz",-73.1204,-36.83541
San Pedro de la Paz,Centro De Salud Familiar Lomas Coloradas,"Los Sauces 56, San Pedro De La Paz",-73.1390719,-36.8855079
San Pedro de la Paz,Centro De Salud Familiar San Pedro De La Costa,"Fresia 3145, San Pedro De La Paz",-73.1464163,-36.8487997
Santa Juana,Hospital Clorinda Avello (Santa Juana),Lautaro 900,-72.94572,-37.1702338
Talcahuano,Centro De Salud Familiar San Vicente,"Brasil 360, Talcahuano",-73.1231221,-36.7234195
Talcahuano,Cesfam Alcalde Leocán Portus,Manuel Barros Borgoño 2645,-73.092359,-36.7403556
Talcahuano,Centro De Salud Familiar Paulina Avendaño Pereda,"Carlos Dittborn 4100, Talcahuano",-73.1018812,-36.7508241
Talcahuano,Centro De Salud Familiar Los Cerros,"Coliumo S/N & Nueva Los Lobos, Talcahuano",-72.9588613,-36.5430846
Tome,Cesfam Dr Alberto Reyes,"Avenida Nueva Aldea N° 2720, Sector Los Bloques, Tome.",-72.9607814,-36.601279
Tome,Cesfam Dr Alberto Reyes,"Avenida Nueva Aldea N° 2720, Sector Los Bloques, Tome.",-72.9607814,-36.601279
Tome,Cesfam Dr Alberto Reyes,"Avenida Nueva Aldea N° 2720, Sector Los Bloques, Tome.",-72.9607814,-36.601279
Tome,Centro De Salud Familiar Bellavista,"Los Cerezos N° 297, Bellavista, Tome.",-72.9524569,-36.6346171
Tome,Centro de salud familiar dichato,"Calle Daniel Vera N° 373, Dichato",-72.9364694,-36.5485467
Alto Biobío,Cesfam Ralco,Alto Bio Bio Sin Numero,-71.6368864,-37.8812894
Antuco,Cesfam Antuco,"Los Carrera 499, Antuco",-71.6729146,-37.3289411
Cabrero,Cesfam Cabrero,violetas 805,-72.4012985,-37.0409026
Cabrero,Cesfam Monteaguila,Caupolican S/N,-72.397607,-37.0381618
Laja,Hospital De La Familia Y La Comunidad De Laja,Av. Los Rios 800,-72.7100817,-37.2657254
Los Angeles,Colegio Blanco Encalada,Blanco Encalada 184,-72.3575297,-37.4736393
Los Angeles,Cesfam 2 De Septiembre,Condell N°1150,-72.363787,-37.4773173
Los Angeles,Colegio Arturo Alesandri,"Avda. Oriente S/N, Los Angeles",-118.5316834,34.1649169
Los Angeles,Cesfam Entre Ríos,"Avda. Oriente 2201, Los Angeles",-118.5316834,34.1649169
Los Angeles,Cesfam Nororiente,Morse 1558,-72.3435786,-37.457537
Los Angeles,Escuela Thomas Jefferson,miraflores 255,-72.3473529,-37.4565602
Los Angeles,Liceo Bicentenario,av.ricardo vicuña 0320,-72.3434927,-37.4721306
Los Angeles,Escuela Hogar Nieves Vasquez palacios,av. Sorvicenta 2965,-72.330147,-37.443532
Los Angeles,Cesfam Norte,Avda. Los Angeles N° 809,-72.3609594,-37.4640226
Los Angeles,Escuela de Laja,bomberos rio seco 1164,-72.3650115,-37.4632265
Los Angeles,liceo industrial A-65,colo colo 115,-72.3473006,-37.4693357
Los Angeles,Sede comunitaria JJVV buenos aires,galvarino 2356,-72.3823356,-37.4683228
Los Angeles,Cesfam Nuevo Horizonte,Aguas Calientes N°2350,-72.3831311,-37.4670598
Los Angeles,Cecof los pioneros,los batros 1875,-118.2436849,34.0522342
Los Angeles,Liceo Santa Fe,O´Higgins S/N,-118.2449346,34.0511554
Los Angeles,Escuela 21 de Mayo,bio bio 170,-72.1416132,-37.4464428
Los Angeles,Cesfam Santa Fe,O´Higgins S/N,-118.2449346,34.0511554
Los Angeles,Cesfam Sur,Juan Guzman N°437,-72.3386746,-37.4857401
Mulchen,Cecofs La Villa,El Hualle 0893,-72.2368306,-37.7316704
Nacimiento,Hospital De La Familia Y La Comunidad De Nacimiento,av.julio hemmelmann 630,-72.676056,-37.5083477
Negrete,Cesfam Yenequen,"Ignacio Carrera Pinto 0206, Negrete",-72.53554,-37.5855819
Quilaco,cesfam Quilaco,Ignacio Carrera Pinto Esq. O'Higgins,-72.0047347,-37.6840794
Quilleco,Cesfam Canteras,"Q-385, Quilleco",-71.9705254,-37.408116
Quilleco,Cesfam Quilleco,"Arturo Pratt #398, Quilleco",NA,NA
San Rosendo,Cesfam San Rosendo,"Calle Baquedano 95, San Rosendo",-72.7265131,-37.262612
Santa Barbara,cecof de Santa Barbara,rosas 218,-119.6891326,34.423603
Tucapel,Cesfam Tucapel,comercio 430,-71.9499036,-37.2951038
Tucapel,Hospital De La Familia Y La Comunidad De Huepil,"12 De Febrero N° 233, Huépil",-71.9424499,-37.2414207
Yumbel,Sede Comunitaria San Nicolas,san nicolas 380,-72.2194848,-36.5012307
Yumbel,Hospital De La Familia Y La Comunidad De Yumbel,"Castellón N° 251, Yumbel",-72.5578991,-37.0961858
Arauco,Liceo San Felipe de Arauco,"Chacabuco 115, Arauco, Bío Bío",-73.3172946,-37.2435457
Arauco,Cuerpo de Bomberos Tubul,avenida del mar 32,-73.4455994,-37.2266754
Arauco,C. Campangue," Vicente Millan S/N, Arauco",-73.243698,-37.2574589
Cañete,H. Cañete,Ruta P-60 Esquina P-520 Cañete,-73.385435,-37.7841067
Contulmo,H. Contulmo,"Las Araucarias N° 1075, Contulmo",-73.2319238,-38.0198426
Curanilahue,Escuela Colico sur,"Pedro Vira Oportus 35, Curanilahue, Bío Bío",-73.3507756,-37.4727852
Curanilahue,Escuela Pablo Neruda / Posta san José de Colico,"Arturo Pérez Canto 123, Curanilahue, Bío Bío",-73.3362823,-37.4792603
Lebu,Cesfam Lebu Norte Antiguo,Ignacio carrera pinto S/N,-73.6428344,-37.6000467
Lebu,C. Lebu Norte,"P-40 206, Lebu",-73.6448367,-37.6020477
Los Alamos,C. Los Alamos,Avda Diego De Almagro,-73.4650798,-37.6277739
Tirua,C. Tirua,"Atahualpa, Tirúa",-73.4905427,-38.3396495
Concepcion,Clínica Avansalud Bío Bío,"Jorge Alessandri 1315, Concepcion",-73.059161,-36.7814
Concepcion,Hospital Clínico Del Sur S.A.,"Cardenio Avello 36, Concepción.",-73.0314962,-36.8143542
Concepcion,Sanatorio Alemán,Pedro De Valdivia N° 801 Concepción,-73.0525241,-36.8437174
Los Angeles,Vacunatorio Clinica Los Andes,"Genaro Reyes 8, Los Angeles",-72.3366557,-37.4673604
Los Angeles,Vacunatorio Megasalud,"Lautaro, 615. Los Ángeles",-72.3539377,-37.4700063
Hualpen,Clínica Universitaria De Concepción,"Jorge Alessandri Rodriguez 2047, Hualpén",-73.0717344,-36.8004171
CARAHUE,Hospital Carahue,Almagro 602,-73.1640028,-38.7131229
CARAHUE,Cesfam Trovolhue,Juan Pablo Ii 135,-73.1625481,-38.7106363
CARAHUE,Gimnasio Municipal (Cesfam Trovolhue),Calle Estadio s/n,-73.1601619,-38.7069383
CARAHUE,Cecosf Carahue,Av. Ercilla 565,-73.1670352,-38.7165876
CARAHUE,Casino Bomberos (Cecosf Carahue),Avda. Ercilla 300,-73.1673898,-38.7154282
CUNCO,Hospital Dr. Eduardo Gonzalez Galeno,Avd. Santa Maria 31,-72.0303172,-38.9327479
CUNCO,Consultorio Los Laureles,Av. Padre Marcelino S/N,-72.2463877,-38.9873335
CUNCO,Cecosf Las Villas,Poblacion Las Villas S/N,-71.9197325,-38.89993
CURARREHUE,Consultorio Curarrehue,Av. Bernardo O’Higgins 1051,-71.5890276,-39.3616465
FREIRE,Consultorio Freire,Lautaro 049,-72.6269289,-38.9573
FREIRE,Gimnacio Municipal Freire (Cesfam Freire),Lautaro 049,-72.6269289,-38.9573
FREIRE,Consultorio Quepe,21 De Mayo 170,NA,NA
FREIRE,Centro cultural Quepe (Cesfam Quepe),Serrano 162,NA,NA
GALVARINO,Hospital Galvarino,Mac Iver 498,-72.7847451,-38.4125481
GALVARINO,Dsm Galvarino,Independecia 90,-72.7823935,-38.4161469
GALVARINO,Gimnasio Municipal,Mac Iver #498,NA,NA
GORBEA,Hospital Gorbea,Carrera 901,-72.67636,-39.1005597
GORBEA,Dsm Gorbea,Jose Agustin Gomez 620,-72.6705058,-39.1025583
GORBEA,Gimnacio Municipal Gorbea,calle Andres bello frente a la plaza,-72.67636,-39.1005597
GORBEA,Iglesia Catolica,calle Blanco Encalada 401 igual frente a la plaza,-72.676485,-39.1033386
GORBEA,Cecosf Lastarrias,General Urrutia 330,-72.6763057,-39.2353686
IMPERIAL,Cesfam Imperial,Gorostiaga 258,-72.9467551,-38.740899
IMPERIAL,Cecosf El Alto,San Pedro 586,-118.2922461,33.7360619
IMPERIAL,Hospital Intercultural Nueva Imperial,Castellón 0115,-72.9467551,-38.740899
IMPERIAL,Dsm N. Imperial,Gorostiaga 258,-72.9467551,-38.740899
IMPERIAL,Gimnasio Olímpico Eliecer Castillo,Juan XXIII,-72.9528643,-38.7406881
IMPERIAL,Centro Cultural,Prat N°309,-90.3654388,38.7847696
LAUTARO,Cesfam Lautaro,Bernardo O´Higgins 1032,-72.4357082,-38.5335642
LAUTARO,Hospital Lautaro (Abraham Godoy Peña),Barros Arana 820,-72.4228172,-38.5375073
LAUTARO,Cecosf Guacolda,Barros Arana 358,NA,NA
LAUTARO,Cecosf Pillanlelbún,Ercilla 305,-72.4559619,-38.6367208
LAUTARO,Dsm Lautaro,Bernardo O'Higgins 1032,-72.4357082,-38.5335642
LAUTARO,Cecosf Maximino Beltrán,Calle Orlando 452,-81.3792365,28.5383355
LAUTARO,Gimnasio Del Barrio Norte,"Barrio Norte, Lautaro",-72.4357969,-38.5347489
LONCOHE,Hospital Loncoche,Jose Migue Carrera 330,-72.626301,-39.3706731
LONCOHE,Dsm Loncoche,Manuel Pinto 0355,-72.6280376,-39.3684349
LONCOHE,Gimnasio Municipal,Manuel Bulnes 271,-72.6314102,-39.3702894
MELIPEUCO,Consultorio Melipeuco – Dsm,Caupolicán S/N,-71.6985068,-38.8534973
MELIPEUCO,Gimansio Municipal,calle pedro aguirre cerda sn,-71.683769,-38.8511248
PADRE LAS CASAS,Consultorio Padre Las Casas,Barroso Esquina Corvalán S/N,-72.5935257,-38.7615092
PADRE LAS CASAS,Gimnasio Padre Las Casas,Av Pulmahue 1247,-72.5937983,-38.7742645
PADRE LAS CASAS,Consultorio Pulmahue,Avda. La Quebrada 1419,-72.588859,-38.7727856
PADRE LAS CASAS,Jardin Los Volcanes,Avda la Quebrada 1751,-72.588815,-38.7755064
PADRE LAS CASAS,Consultorio Las Colinas,Mañil 130,-72.607738,-38.7658383
PADRE LAS CASAS,Escuela San Sebastian,Villa Alegre N°2235,-72.6080191,-38.7654778
PADRE LAS CASAS,Cesfam Conunhuenu,Pulmahue 1405,-72.596487,-38.7741565
PADRE LAS CASAS,Sede Social Villa Pulmahue,SEDE PULMAHUE/ LAS AGUILAS 1137,-72.5929488,-38.774716
PADRE LAS CASAS,Hospital Makewe,Camino Misión Araucanía Km 12,NA,NA
PADRE LAS CASAS,Complejo Asistencial Padre Las Casas,Ruta 194 Km 07 Plc,NA,NA
PERQUENCO,Cesfam Perquenco,Nicasio De Toro 880,-72.3858838,-38.4653511
PERQUENCO,Gimnasio Liceo Isabel Poblete,21 de Mayo,-72.378566,-38.423345
PITRUFQUÉN,Hospital Pitrufquén,Leon Gallo Sur 355,-72.6438689,-38.9885495
PITRUFQUÉN,Consultorio Pitrufquén,Leon Gallo Sur 585,-72.6464333,-38.9861532
PITRUFQUÉN,Gimnasio Escuela Unión Latino Americana,Gronow 550,-72.6357007,-38.9849618
PITRUFQUÉN,CECOSF Ultraestación,Colón 673,-72.6458562,-38.9810206
PUCÓN,Consultorio Rural Pucón,Adolfo Kachelle 200,-71.9607522,-39.281825
PUCÓN,Gimnasio Municipal Pucón,Miguel Ansorena 212,-71.9757685,-39.2745023
PUCÓN,Hospital San Francisco,Adolfo Kachelle 200,-71.9607522,-39.281825
PUERTO SAAVEDRA,Hospital Dr. Arturo Hillerns Larrañaga,Los Araucanos 42,-73.3987359,-38.7837369
PUERTO SAAVEDRA,Dsm P. Saavedra,18 de Septiembre 554,-73.3922646,-38.799202
PUERTO SAAVEDRA,Salon Municipal,"Avenida Ejército 1464, Puerto Saavedra",-73.3959303,-38.7927234
PUERTO SAAVEDRA,Centro Comunitario Rural Puerto Dominguez,Calle Cementerio s/n,-73.3847059,-38.7898559
TEODORO SCHMIDT,Cesfam T. Schmidt,Balmaceda 510,-73.0888959,-38.9963577
TEODORO SCHMIDT,Gimnacio Municipal Teodoro Schmid,Prat 067,-73.0912844,-38.9949302
TEODORO SCHMIDT,Cesfam Hualpín,Andrés Vello 320,-73.0907,-38.9961625
TEODORO SCHMIDT,Cecosf Barros Arana,Cuatro Sur esq. Uno Poniente,-73.0907,-38.9961625
TOLTÉN,Hospital Toltén,Elvira Leal 636,-73.1634836,-39.1772207
TOLTÉN,Dsm Toltén,Berdo O´Higgins 410,-73.1655707,-39.1790279
TOLTÉN,Gimnasio Municipal,Elvira Leal S/N,-73.1634836,-39.1772207
VILCÚN,Hospital Vilcún,Bulnes 680,-72.227608,-38.666342
VILCÚN,Gimnasio Escuela Especial Feyentun,calle chorrillos N°825,-72.2293244,-38.6708528
VILCÚN,Cesfam Cajón,Gabriela Mistral 357,-72.5028753,-38.6800182
VILCÚN,Dsm Vilcún,Cerrera 243,-72.2196376,-38.6691828
VILCÚN,Gimnasio Escuela America,Blanco Encalada S/N,-72.2258459,-38.6688599
VILCÚN,CECOSF Cherquenco,Calle Japón s/n (frente a escuela Japón),-72.2196376,-38.6691828
VILLARRICA,Cesfam Villarrica,Caupolicán 2001,-72.2194576,-39.2946476
VILLARRICA,Cesfam Los Volcanes,Av. Segunda Faja 800,-72.2258564,-39.3035284
VILLARRICA,Cesfam Lican Ray,Caupolicán 2001,-72.2194576,-39.2946476
VILLARRICA,Cecosf 21 De Mayo,Caupolicán 2001,-72.2194576,-39.2946476
VILLARRICA,Cecosf Todos Los Santos,Ignacio Serrano 1061,-72.2307798,-39.2820124
VILLARRICA,Cecosf Ñancul,S-759 424,-72.3079126,-39.2830801
VILLARRICA,Dsm Villarrica,Valentin Letelier 415,-72.229176,-39.2792701
VILLARRICA,Gimnasio Carlos Lucas,Juan Antonio Ríos 715,-72.2328806,-39.2872446
VILLARRICA,Hospital Villarrica,San Martin 460,-72.2266633,-39.2774925
CHOL CHOL,Consultorio Chol-Chol,Aníbal Pinto 552,-72.8423721,-38.6024197
CHOL CHOL,Gimnasio Municipal,calle schmidt sin número,-72.8504276,-38.6014109
TEMUCO,Consultorio Miraflores,Miraflores 1369,-72.5818022,-38.7353683
TEMUCO,Gimnasio Colegio Claret,Calle Montt entre Zenteno y Matta,-72.5837565,-38.7393574
TEMUCO,Cesfam El Carmen,Los Compositores #0110,NA,NA
TEMUCO,Gimnasio Fundo el Carmen,Los Músicos #330,NA,NA
TEMUCO,Cesfam Santa Rosa,Pircunche N°0316,-72.5722147,-38.7342089
TEMUCO,Gimnasio Costanera del Cautín,Avenida Pircunche #1314,NA,NA
TEMUCO,Consultorio Villa Alegre,Av. Argentina N°0820,-72.5903739,-38.7359018
TEMUCO,Gimnasio Campo Deportivo,Combarbala 0985,-72.6157484,-38.7277367
TEMUCO,Cesfam Pueblo Nuevo,Nahuelbuta N°2015,-72.5716531,-38.7200554
TEMUCO,Gimnasio Alonso de Ercilla,Uno Poniente #1214,NA,NA
TEMUCO,Consultorio Pedro De Valdivia,Chivilcan N°0910,-72.6197175,-38.7129905
TEMUCO,Gimnasio Pedro de Valdivia,Cariquiña #0950,NA,NA
TEMUCO,Cesfam Amanecer,Garibaldi N°1280,-72.5903739,-38.7359018
TEMUCO,Gimnasio Amanecer,Florencia #870,NA,NA
TEMUCO,Cesfam Metodista,Bernardo O'Higgins 01449,-72.6227969,-38.7374081
TEMUCO,Gimnasio Sede Millaray,calle ohhiggins,-72.6009089,-38.7421348
TEMUCO,Cesfam Labranza,1 Oriente N°0411,-72.5623681,-38.7243023
TEMUCO,Gimnasio Labranza,1 Oriente #0389,NA,NA
TEMUCO,Cesfam Boyeco,Camino Chol-Chol Km 10,NA,NA
TEMUCO,Escuela Boyeco,Camino a Chol Chol KM 10,NA,NA
TEMUCO,Hospital Hernán Henríquez Aravena Temuco,Manuel Montt #115,NA,NA
ANGOL,Cesfam Alemania,Baviera 445,-72.6931962,-37.8106202
ANGOL,Liceo Ceia,Barlin 541,2.616972,50.456766
ANGOL,Cesfam Huequén,Camino Los Sauces 071,-72.8341312,-37.9834527
ANGOL,Escuela Villa Huequen,Yeli 80 Huequen,-72.6688807,-37.8201825
ANGOL,Cesfam Piedra Del Águila – Dsm Angol,Cautín 537,-72.7046822,-37.7960203
ANGOL,Teatro Municipal,cerca de Municipalidad de Angol,-72.7111623,-37.7972411
ANGOL,Hospital Dr. Mauricio Heyerman,General Bonilla 695,-72.6939983,-37.8005176
COLLIPULLI,Hospital Collipulli,Bulnes N° 050,-72.4355251,-37.9588538
COLLIPULLI,Dsm Collipulli,Avenida Saavedra Sur #1355,NA,NA
COLLIPULLI,Escuela Benjamin Franklin,O´carrol 825,-72.4369972,-37.9561005
CURACAUTÍN,Hospital Dr. Oscar Hernández E.,Patricio Chavez105,-71.8812356,-38.4363649
CURACAUTÍN,Dsm Curacautín,"O`Higgins N° 796, Tercer Piso",-71.8889493,-38.4378272
CURACAUTÍN,Gimnasio Municipal,Yungay esquina Linch s/n,-71.8884822,-38.4443576
ERCILLA,Cosultorio Ercilla,Av. Ercilla 289,-72.3760118,-38.0640719
LONQUIMAY,Hospital Lonquimay,O'Higgins N°1060,-71.3692575,-38.4551207
LONQUIMAY,Dsm Lonquimay,Ignacio Carrera Pinto 559 - Villa Icalma,-71.3724376,-38.4546556
LONQUIMAY,Gimnasio Municipal,Caupolican Nro. 900,-71.369306,-38.4548038
LOS SAUCES,Consultorio Los Sauces,Ercilla 601,-72.8329867,-37.9826676
LOS SAUCES,Centro del Adulto Mayor,"R-86 850, Los Sauces",-72.8364871,-37.9817718
LUMACO,Cesfam Lumaco,Carlos Condell 473,-72.9053994,-38.1665934
LUMACO,Gimnasio Capitán Pastene,Montt N° 15 Capitan Pastene,-72.9916319,-38.1930768
PURÉN,Hospital Purén,Imperial 1562,-73.0752644,-38.0381243
PURÉN,Dsm Purén,Dr. Garriga 1081,-73.0733475,-38.0330702
RENAICO,Cesfam Renaico,Cornelio Olsen 398,-72.5810698,-37.6725564
TRAIGUÉN,Hospital Dino Stangno,21 De Mayo N° 751,-72.6717023,-38.2431589
TRAIGUÉN,Dsm Traiguén,Basilio Urrutia N° 914,-72.665762,-38.250779
TRAIGUÉN,Gimnasio Patricio Philips,Calle Santa Cruz N°425,-72.6778208,-38.2460376
VICTORIA,Cesfam Victoria,Av. Bernardo Muñoz Vargas Nº 730,-72.3319724,-38.2360236
VICTORIA,Hospital San Jose Victoria,Av. Dartnell 1141,-72.3390329,-38.2340137
VICTORIA,Gimnasio N°3,Miraflores S/N,-77.0162899,-12.0734497
VICTORIA,Gimanasio Liceo Jorge Alesandri,Calama Esquina Vergara,-72.330797,-38.234476
TEMUCO,Clínica Redsalud Mayor Temuco,Gabriela Mistral 1955,-72.6272087,-38.73
TEMUCO,Clínica Alemana De Temuco,Senador Estébanez 645,-72.610829,-38.736576
TEMUCO,Gimnasio Alemán,Senador Estebanez 620,-72.6115011,-38.7362427
Valdivia,Cesfam Las Ánimas,"Pedro Aguirre Cerda N° 231, Valdivia",-73.2245643,-39.8147883
Valdivia,Cesfam Angachilla,"Sta Martina 3821, Valdivia",-73.2229879,-39.8498771
Valdivia,Cesfam Niebla,"Martin, Cermeño S/N, Niebla",-73.3955681,-39.8660755
Valdivia,Cesfam Jorge Sabat,"Av. Ramón Picarte 2500, Valdivia",-73.2170486,-39.8320062
Corral,Hospital De Corral,"Avenida Marinero Segundo Elías Huerta N°200, Corral",-73.4309859,-39.8881862
Los Lagos,Gimnasio Municipal Los Lagos,"Lanín 139, Los Lagos",-72.8108939,-39.8640773
Panguipulli,Hospital De Panguipulli,"Cruz Coke 342, Panguipulli",-72.342664,-39.640545
Panguipulli,Cesfam Panguipulli,"Gabriela Mistral S/N , Panguipulli",-72.3363037,-39.643832
Panguipulli,Cesfam Coñaripe,"Las Tepas S/N, Coñaripe",-72.0057675,-39.5671796
Panguipulli,Cesfam Choshuenco,"Padre Bernabé S/N, Choshuenco",-72.3411017,-39.6473592
Mariquina,Cesfam Mariquina,"Rene Manns S/N, Mariquina",-72.9715792,-39.5393068
Mariquina,Cecosf Mehuin,"Caleta Mehuin S/N, Mariquina",-73.214127,-39.4319821
Mariquina,Centro Integral del Adulto Mayor,Calle Arturo Prat 68 (Entre Los Carrera y Acharán),-72.9627501,-39.5389449
Mariquina,Posta Rural Missisipi,Calle Aldea De Misisipi S/N,-89.3985283,32.3546679
Mariquina,Posta Rural Chan Chan,"Sector De Chan Chan S/N, Mariquina",NA,NA
Mariquina,Posta Rural Tripayante,Sector Tripayante . Mariquina,-72.9504908,-39.4811478
Mariquina,Posta Rural Quiyalhue,"Sector Quillalhue, Mariquina",-72.9627501,-39.5389449
Mariquina,Posta Rural Ciruelos,"Sector Ciruelos, Mariquina",-72.9627501,-39.5389449
Mariquina,Posta Rural Pelollinco,"Sector Pelollinco, Mariquina",-72.9656219,-39.5419883
Mariquina,Posta Rural Pelchuquin,Sector Pelchuquín Mariquin,-73.0770452,-39.6239782
Lanco,Hospital De Lanco,"Santiago 595, Lanco",NA,NA
Lanco,Cesfam De Malalhue,"Ruta 203 N° 401, Malalhue",-72.5070353,-39.5419502
Paillaco,Hospital De Paillaco,"Gabriela Mistral 715, Paillaco",-72.8664583,-40.0717955
Paillaco,Cesfam Paillaco,"Mac-Iver #1285, Paillaco",NA,NA
Mafil,Cesfam Máfil,"Bernardo O'Higgins 420, Márfil",-72.9587052,-39.666175
La Unión,Hospital De La Unión,"Arturo Prat S/N, La Unión",-73.0809944,-40.2910145
La Unión,Cesfam La Unión,"Calle Los Tineos 55, La Unión",-73.08137,-40.30624
Rio Bueno,Hospital Río Bueno,"Ejercito Libertador 1521, Rio Bueno",-72.9507432,-40.3352164
Rio Bueno,Cesfam Río Bueno,"Ejército Libertador S/N, Rio Bueno",-72.9530242,-40.3353529
Futrono,Centro Comunitario Futrono,"Los Castaños S/N , Futrono",-72.3892454,-40.1214848
Futrono,Escuela Balmaceda Futrono,"Balmaceda 485, Futrono",-72.3867729,-40.1318048
Futrono,Cecosf Nontuelá,"Nontuela S/N , Futrono",-72.5188754,-40.087729
Futrono,Posta De Llifén,"Llifen S/N , Futrono",-72.2596554,-40.2000213
Futrono,Posta De Curriñe,"T-647 42, Futrono",-72.3886191,-40.1313577
Futrono,Posta Huapi (Móvl De Ronda Vacunará En Terreno),Isla Huapi S/N,-72.3791667,-40.225
Futrono,Posta Arquilhue Y Maihue (Móvil Municipal Vacunará En Terreno),Sector Arquilhue Y Sector Maihue,-72.0424091,-40.1961325
Futrono,Posta Loncopan (Móvil Municipal Vacunará En Terreno),Sector Loncopan,-72.3878777,-40.1291435
Lago Ranco,Cesfam Lago Ranco,"Calle Concepción 655, Lago Ranco",-72.4763236,-40.3225923
Valdivia,Redsalud,"Av. Alemania 475, Valdivia",-73.2426507,-39.8129376
Valdivia,Surmedica,"Avenida Francia 1655, Valdivia",-73.2412489,-39.8305145
Valdivia,Achs,"Beauchef 705, Valdivia",-73.2410584,-39.8182782
Valdivia,Mutual,"Av. Arturo Prat 1005, Valdivia",-73.2338185,-39.8156131
Valdivia,Policlínico Carabineros,"Av. Ramón Picarte 1129, Valdivia",-73.234112,-39.8174349
Valdivia,Clinica Alemana De Valdivia,"Av. Ramón Picarte 1129, Valdivia",-73.234112,-39.8174349
Puerto Montt,Centro De Eventos Arena Puerto Montt,"Egaña 1151, Pto Montt",-72.91769,-41.4702854
Puerto Montt,Equipo Salud Rural,Se harán rondas con previo aviso.,-72.9411364,-41.468917
Puerto Varas,Vacunatorio Cesfam Puerto Varas,"Errázuriz Esquina Antonio Varas S/N, Puerto Chico",-72.9697183,-41.3292695
Puerto Varas,Gimnasio Municipal Puerto Varas,Ramon Ricardo Rosas 965,-72.9877827,-41.3221867
Puerto Varas,Escuela Epson de Ensenada,Ruta 225 Ch Km 46,-72.8013182,-41.2556927
Puerto Varas,Escuela de Nueva Braunau,Avenida Otto Klein Dorner S/N,-73.0787699,-41.3255894
Puerto Varas,Coliseo Municipal,Las Lilas 1998,-72.9718889,-41.3318717
Llanquihue,Liceo Municipal Holanda,Llanquihue,-73.0053446,-41.2571702
Llanquihue,Centro Civico De Llanquihue,Llanquihue,-73.0053446,-41.2571702
Llanquihue,Escuela De Los Pellines,Sector Pellines,-73.0053446,-41.2571702
Llanquihue,Escuela De Loncotoro,Sector Loncotoro,-73.2124515,-41.2926438
Llanquihue,Escuela Colegual Esperanza,Sector Colegual,-73.2213469,-41.223341
Llanquihue,Psr Macal,Llanquihue Rural,-73.0053446,-41.2571702
Frutillar,Sede Social Centro De Consultas,Frutillar Alto,-73.0585398,-41.1267239
Frutillar,Cecosf Pantanosa,Pantanosa,-73.0552198,-41.111686
Frutillar,Colegio Arturo Alessandri Palma,Frutillar Alto,-73.0585398,-41.1267239
Frutillar,Liceo Ignacio Carrera Pinto,Frutillar Alto,-73.0585398,-41.1267239
Frutillar,Multitaller Alessandri,Pantanosa,-73.0552198,-41.111686
Frutillar,Centro Comunitario De Pantanosa,Pantanosa,-73.0552198,-41.111686
Frutillar,Escuela Linares,Sector Casma,-73.1228442,-41.0102371
Frutillar,Pedernal Y La Paz Emr,Estaciones Medico Rurales,-73.0552198,-41.111686
Frutillar,Psr Centinela,Posta De Salud Rural,-73.1239922,-41.0118006
Fresia,Hospital De Fresia,Fresia Urbano,-73.4163343,-41.15
Fresia,Sede Social Poblacion Maine,Fresia Urbano,-106.1088069,28.6062968
Fresia,Sede Social Poblacion Arturo Prat,Fresia Urbano,-106.1088069,28.6062968
Fresia,Sede Social Los Pinitos,Fresia Urbano,-106.1088069,28.6062968
Fresia,Sede Social Poblacion Villas Unidas,Fresia Urbano,-106.1088069,28.6062968
Fresia,Sede Social Poblacion Bustamante,Fresia Urbano,-73.4163343,-41.15
Fresia,Sede Social Poblacion Beatas,Fresia Urbano,-106.1088069,28.6062968
Maullín,Cesfam Carelmapu,Carelmapu,-73.6985944,-41.7416513
Maullín,Gimnasio Fiscal De Maullin,Maullin Urbano,-73.6016737,-41.6183881
Maullín,Gimnasio De Carelmapu,Carelmapu,-73.6985944,-41.7416513
Maullín,Gimnasio Escuela Hilada Hunquen,Quenuir,-73.6748071,-41.5415093
Maullín,Gimnasio Escuela Dorila Aguila Aguilar,La Pasada,NA,NA
Maullín,Escuela Los Arces De Olmopulli,Olmopulli,-73.4618845,-41.5714333
Los Muermos,Cesfam Los Muermos,Carlos Ibañez Del Campo S/N,-73.4666084,-41.3950481
Los Muermos,Gimnasio Municipal De Los Muermos,Zona Urbana Los Muermos,-73.4651433,-41.3944267
Calbuco,Hospital Calbuco,Eulogio Goycolea 450,-73.1345792,-41.7703463
Calbuco,Cesfam Calbuco,Eulogio Goycolea 132,-73.129458,-41.7694596
Calbuco,Psr Y Ruta Las Islas,Islas (Huapi Abtao),-73.298722,-41.795375
Chaitén,Vacunacion Extramural,Carretera Austral 142,-72.7102934,-42.9179228
Palena,Vacunacion Extramural,Balmaceda 311,-71.7941413,-43.6172998
Futaleufú,Vacunacion Extramural,Balmaceda 382,-71.8686095,-43.1838817
Cochamo,Cesfam Rio Piuelo Cochamo,Cochamo,-72.307996,-41.4924307
Achao,Hospital De Achao,Calle Riquelme 16,-73.494836,-42.469772
Ancud,Cesfam Dr. Manuel Ferreira,Calle Almirante Latorre 750,-73.8150537,-41.8677818
Ancud,Cesfam Pudeto Bajo,Calle Emergencia S/N,-73.7966102,-41.8774429
Ancud,Hospital De Ancud,Almirante Latorre 301,-73.8246526,-41.8655779
Ancud,Vacunatorio Rosalía Muñoz,Calle Aníbal Pinto 308,-73.8258934,-41.8683831
Castro,Centro De Salud Familiar Quillahue,Calle Galvarino Riveros Norte 2719,-73.7923194,-42.4601078
Castro,Centro De Salud Familiar Dr. René Tapia Salgado,Calle Galvarino Riveros 939,-73.7718934,-42.474435
Castro,Hospital De Castro,Ramón Freire 852,-73.7683534,-42.476287
Chonchi,Centro De Salud Familiar Chonchi,Calle Chonchi S/N,-73.7740284,-42.6250525
Curaco de Vélez,Centro De Salud Familiar Curaco De Vélez,Calle Curaco De Vélez S/N,-73.600414,-42.4395237
Dalcahue,CESFAM Dalcahue,Calle Ramón Freire 1315,-73.651882,-42.377631
Puqueldón,Cesfam De Puqueldón,Calle Puqueldón S/N,-73.6714848,-42.6014407
Queilen,Hospital De Queilen,René Cárcamo 331,-73.4716731,-42.883838
Quellón,Centro De Salud Familiar Quellón,Calle Galvarino Riveros 590,-73.6128665,-43.1141749
Quellón,Hospital De Quellón,Dr.Ahues 305,-73.6174559,-43.1154522
Quemchi,CESFAM Quemchi,Calle Quemchi S/N,-73.4780559,-42.1447134
Osorno,Escuela de Arte y Cultura,Zenteno,-73.1186473,-40.5879636
Osorno,Escuela Sociedad y Socorro,5to Centenario,-73.1706235,-40.5680991
Osorno,Escuela Juan Ricardo Sánchez,Francke,-73.1473686,-40.5681456
Osorno,Escuela García Hurtado de Mendoza,Sector Rahue Alto,-73.1684918,-40.5802864
Osorno,Centro De Salud Familiar Ovejería,Calle Martín Ruiz De Gamboa,-73.1483802,-40.5844467
Osorno,Escuela Claudio Arrau,Rahue Bajo,-73.153713,-40.573797
Osorno,Clínica Alemana De Osorno,Avenida Zenteno 1530,-73.1216602,-40.5839557
Osorno,Vacunatorio Sociedad Centro Médico Cochrane,Calle Cochrane 405,-73.1337921,-40.5708705
Puerto Octay,Hospital Pto Octay,Pedro Montt 601,-72.8841335,-40.9717708
Purranque,Centro De Salud Familiar Purranque,Calle 21 De Mayo 415,-73.1638727,-40.911546
Purranque,Hospital Purranque,21 De Mayo S/N,-73.1638727,-40.911546
Puyehue,Cesfam Entre Lagos,Luis Pasteur S/N,-3.6116908,40.5395863
Rio Negro,Hospital Rio Negro,Arturo Prat S/N,-73.216833,-40.8023975
Rio Negro,Centro De Salud Familiar Río Negro,Calle Buschmann S/N,-73.2167155,-40.7956017
San Juan de la Costa,Centro De Salud Familiar Puaucho,Calle Norte Sur S/N,-66.1057355,18.4655394
San Juan de la Costa,Cesfam Bahía Mansa,Calle Bahía Mansa S/N,-73.733543,-40.5846033
San Juan de la Costa,Hospital Mision San Juan De La Costa,Sector Lafquemapu,-73.4128272,-40.5107919
San Pablo,Cesfam San Pablo,Calle Colón 788,NA,NA
San Pablo,Hospital Quilacahuin,Quilacachuin S/N,-122.3418558,37.9605228
San Pablo,Vacunatorio Sociedad Centro Médico Cochrane,Calle Cochrane 405,NA,NA
Llanquihue,Clinica Universitaria,"Avenida Bella Vista, 123,",-72.913174,-41.47791
Llanquihue,Clinica Puerto Montt,Panamericana 400,-72.9539029,-41.4585486
Llanquihue,Caproen,Urmeneta Edificio Medico,-72.9468262,-41.4723492
Llanquihue,Megasalud,Rengifo 412,-72.9407135,-41.4702659
Llanquihue,Vacunatorio Austral,San Ignacio 971 Box 4,-73.0053446,-41.2571702
Llanquihue,Clinica Puerto Varas,"Dr Otto Bader 810,",-72.9912673,-41.3191251
GUAITECAS,SALÓN CULTURAL,Calle Coquimbo S/N,-73.7449694,-43.8964276
CISNES,GIMNASIO MUNICIPAL,RAFAEL SOTOMAYOR S/N,-72.6812084,-44.7276311
CISNES,CESFAM LA JUNTA,"Diego Portales esquina 18 de Septiembre, La Junta.",-72.4006913,-43.9700754
LAGO VERDE,PSR LAGO VERDE,Sargento Aldea 637,-71.850306,-44.240478
LAGO VERDE,PSR VILLA LA TAPERA,Bernardo O'Higgins S/N,-71.8499074,-44.2396063
LAGO VERDE,PSR VILLA AMENGUAL,Francisca Castro S/N,NA,NA
AYSÉN,POLIDEPORTIVO 21 DE ABRIL,"Benigno Díaz, 15, Puerto Aysén",-72.6878772,-45.4084296
AYSÉN,GIMNASIO IND,"Bernardo O'Higgins 433, Puerto Aysen",-72.6968753,-45.4066545
AYSÉN,HOSPITAL PUERTO AYSÉN,"Alcalde Chindo Vera 317, Puerto Aysen",-72.6841101,-45.4087095
AYSÉN,CESFAM PUERTO AYSÉN,"Eleuterio Ramírez 1035, Puerto Aysen",-72.6938923,-45.4027834
AYSÉN,CECOSF CHACABUCO,"O'Higgins, 331, Puerto Chacabuco",-72.8166301,-45.4618214
AYSÉN,PSR PUERTO AGUIRRE,Manuel Rodriguez esq. Balmaceda,-72.066652,-45.567119
AYSÉN,PSR CALETA ANDRADE,Manuel Rodriguez S/N,-72.6879318,-45.3954148
AYSÉN,CECOSF VILLA MAÑIHUALES,Arturo Prat. S/N,-72.6882622,-44.7244159
COYHAIQUE,GIMNASIO REGIONAL,Av. Ogana 1150,-72.0742402,-45.5820262
COYHAIQUE,JJ.VV VISTA HERMOSA,Calle Ventisqueros esquina Los Fiordos,-72.0652597,-45.5745233
COYHAIQUE,UNIÓN COMUNAL DE ADULTOS MAYORES,Errázuriz 2390,-72.0418051,-45.58296
COYHAIQUE,ASOCIACIÓN CHILENA DE SEGURIDAD,Av. Ogana 1018,-72.0734883,-45.5806023
COYHAIQUE,SALÓN MOP,Riquelme 465,-72.0688088,-45.5705561
COYHAIQUE,PSR BALMACEDA,Steffens Esq. Las Heras,-68.8337505,-32.8420011
COYHAIQUE,PSR EL BLANCO,Echevagurren S/N,-72.0717732,-45.5736993
COYHAIQUE,PSR VALLE SIMPSON,Balmaceda S/N,-71.6975065,-45.9099712
COYHAIQUE,PSR LAGO ATRAVESADO,Camino Publico sector Lago Atravesado S/N,-72.1002708,-45.600737
COYHAIQUE,PSR VILLA ORTEGA,Las lengas s/n villa ortega,-71.9947183,-45.3718236
COYHAIQUE,PSR EL GATO,Camino público sector El Gato S/N,-72.068265,-45.5712254
RIO IBAÑEZ,SEDE ADULTO MAYOR,Río Tranquilo S/N,-72.6752459,-46.6240234
CRIO IBAÑEZ,PSR CERRO CASTILLO,Los Antiguos S/N,-71.6286831,-46.548735
RIO IBAÑEZ,PSR PUERTO IBAÑEZ,Arturo Prat s/n,-70.1409449,-20.2441837
CHILE CHICO,CASA MORADA VACUNATORIO HOSPITAL,Caupilicán S/N,-71.7235076,-46.5411212
CHILE CHICO,CASA DE LA CULTURA,O`Higgins 426,-71.7252665,-46.5396096
CHILE CHICO,PSR BERTRAND,Avda. Costanera S/N,-71.7310298,-46.5364568
COCHRANE,SALÓN AZUL DEL CENTRO CULTURAL MUNICIPAL,SAN VALENTÍN 551,-72.5760478,-47.2521666
Punta Arenas,Liceo Contardi,Manantiales #1027,NA,NA
Punta Arenas,Escuela Patagonia,Covadonga #0185,NA,NA
Punta Arenas,Escuela Hernando De Magallanes,Jose Del Carmen Galindo #1105,NA,NA
Punta Arenas,Escuela 18 Septiembre,Gaspar Marin #0140,NA,NA
Punta Arenas,Escuela Manuel Bulnes,Av Presidente Pedro Aguirre Cerda #35,NA,NA
Laguna Blanca,Psr Tehuelches,Kilometro 100 Ruta 9 Norte,-72.5026777,-51.7185592
Rio Verde,Psr Rio Verde,Posomby S/N,-111.7281621,33.7409133
San Gregorio,Psr Punta Delgada,Calle Don Bosco #263,NA,NA
Torres del Paine,Psr Cerro Castillo,Caserio Cerro Castillo S/N,-73.4067879,-50.9423262
Natales,Cesfam Dr. Juan Lozic,Vacunación a domicilio,-116.6166843,31.8557804
Natales,Hospital Dr. Augusto Essmann,O´Higgins 246,-74.022261,-50.6868526
Cabo de Hornos,Hospital Naval,Base Naval,-80.5771737,28.4740089
Porvenir,Hospital Comunitario Dr. Marco Chamorro,Carlos Wood 480,-70.35857,-53.29813
Punta Arenas,Vacunatorio Clinica Red Salud,Av. Bulnes 01448,-70.8888774,-53.1412794
Punta Arenas,Vacunatorio Mutual De Seguridad,Av. España 1890,-70.9223192,-53.1683311
Punta Arenas,Punto Centro Clinico Militar,21 De Mayo,-70.9106241,-53.1661259
Punta Arenas,Vacunatorio Policlinico De La Fach,Jose Menedez 601,-70.9087259,-53.1606174
Punta Arenas,Vacunatorio Hospital Naval Dr. Cirujano Guzman,Av. Bulnes 0256,-70.8971889,-53.1496581